component,eigenvalue
1,748.7235339416704
2,16.345781747205226
3,11.569585560885447
4,9.866071248395718
5,8.853043316033503
6,8.271314055260945
7,8.100430038228817
8,7.368056804618483
9,5.5862057494082515
10,5.328430302688304
11,4.132992886553777
12,4.063901842632006
13,3.921482238927627
14,3.866606380627181
15,3.844453399869199
16,3.692222259120453
17,3.4056152851653505
18,3.3458598953987955
19,3.3200284334107883
20,3.2650252691817134
21,3.0688973752688775
22,2.826363624394287
23,2.6954655245614387
24,2.6815548539838936
25,2.6288152894627035
26,2.5665283276859197
27,2.5326085056813774
28,2.474892167892641
29,2.471904631106926
30,2.467157366922436
31,2.326151144580357
32,2.200404503240116
33,2.166392828700147
34,2.115008568488
35,2.044497883644594
36,2.001225584473097
37,1.9517093293766012
38,1.9252194383152919
39,1.9075729677641926
40,1.8852495275293304
41,1.8830845128612785
42,1.8632703168351206
43,1.8597291168774748
44,1.8511198814431944
45,1.8030963888821943
46,1.7863546149934042
47,1.7701015116329117
48,1.731276478623689
49,1.7038396207760615
50,1.6762696108986683
51,1.640406879335048
52,1.6133454567969532
53,1.5991795909107955
54,1.5619417919598633
55,1.529257331638074
56,1.5143543815033604
57,1.480190207361411
58,1.4220310278861223
59,1.4033300586971507
60,1.3981064302548956
61,1.3524744038568879
62,1.3490545984382296
63,1.3451718902773104
64,1.3293987184431246
65,1.3129625706336947
66,1.3037657640515052
67,1.286864158276472
68,1.241612045764632
69,1.2399539498872518
70,1.2305132014509117
71,1.2212481349499305
72,1.2198244156679254
73,1.1749473053036192
74,1.1714895734414799
75,1.1499952892442686
76,1.1478625547288257
77,1.1436372957943823
78,1.0964078932766157
79,1.0962548313931968
80,1.0936348212043476
81,1.0799301034458733
82,1.0683358241161742
83,1.0362968564442432
84,1.035279796772755
85,1.0304130429813787
86,1.0292689226555611
87,1.02837164236647
88,1.0207441514742728
89,1.0197260288910464
90,1.0195290414684748
91,1.0192227883660292
92,1.018760482328494
93,1.017568697817861
94,1.0170889639843848
95,1.012265637976692
96,1.011827340932361
97,1.0117959788172628
98,1.0097392261451228
99,1.0090682149775552
100,1.0071695731924462
101,1.0050662123851104
102,1.0027880669663964
103,1.0027455364785958
104,1.0019213949372237
105,1.0018483753652896
106,1.0014908220464895
107,1.001475063653303
108,1.0011328377552462
109,1.0011023359987496
110,1.0010094557785518
111,1.000282990494239
112,1.0000837196076524
113,1.0000767447067531
114,1.000073818394152
115,1.0000346266758076
116,1.0000076741077901
117,1.0000029824078787
118,1.0000021113643744
119,1.0000007569907354
120,1.0000004113479493
121,1.0000000617543991
122,1.00000001760345
123,1.0000000164654512
124,1.0000000090664367
125,1.0000000032314718
126,1.0000000008825514
127,1.000000000627367
128,1.0000000005601977
129,1.0000000004075684
130,1.0000000003273046
131,1.0000000003186156
132,1.0000000002506495
133,1.0000000001921243
134,1.0000000001514773
135,1.000000000148185
136,1.0000000001254281
137,1.0000000000271567
138,1.0000000000147682
139,1.000000000000291
140,1.0000000000000906
141,1.0000000000000802
142,1.000000000000068
143,1.0000000000000244
144,1.0000000000000215
145,1.0000000000000167
146,1.0000000000000135
147,1.000000000000011
148,1.0000000000000102
149,1.0000000000000095
150,1.0000000000000093
151,1.0000000000000089
152,1.0000000000000089
153,1.0000000000000087
154,1.0000000000000084
155,1.000000000000008
156,1.0000000000000075
157,1.0000000000000075
158,1.0000000000000075
159,1.0000000000000075
160,1.0000000000000073
161,1.0000000000000073
162,1.000000000000007
163,1.000000000000007
164,1.000000000000007
165,1.0000000000000069
166,1.0000000000000064
167,1.0000000000000062
168,1.000000000000006
169,1.000000000000006
170,1.000000000000006
171,1.0000000000000058
172,1.0000000000000058
173,1.0000000000000056
174,1.0000000000000053
175,1.0000000000000053
176,1.000000000000005
177,1.000000000000005
178,1.000000000000005
179,1.000000000000005
180,1.0000000000000049
181,1.0000000000000049
182,1.0000000000000047
183,1.0000000000000047
184,1.0000000000000044
185,1.0000000000000042
186,1.000000000000004
187,1.0000000000000038
188,1.0000000000000038
189,1.0000000000000038
190,1.0000000000000038
191,1.0000000000000038
192,1.0000000000000036
193,1.0000000000000036
194,1.0000000000000036
195,1.0000000000000036
196,1.0000000000000033
197,1.0000000000000033
198,1.0000000000000033
199,1.0000000000000033
200,1.0000000000000033
201,1.0000000000000033
202,1.0000000000000033
203,1.0000000000000033
204,1.000000000000003
205,1.000000000000003
206,1.000000000000003
207,1.000000000000003
208,1.000000000000003
209,1.000000000000003
210,1.000000000000003
211,1.000000000000003
212,1.000000000000003
213,1.0000000000000029
214,1.0000000000000029
215,1.0000000000000029
216,1.0000000000000029
217,1.0000000000000029
218,1.0000000000000029
219,1.0000000000000029
220,1.0000000000000029
221,1.0000000000000029
222,1.0000000000000029
223,1.0000000000000027
224,1.0000000000000027
225,1.0000000000000027
226,1.0000000000000027
227,1.0000000000000027
228,1.0000000000000027
229,1.0000000000000027
230,1.0000000000000027
231,1.0000000000000027
232,1.0000000000000027
233,1.0000000000000024
234,1.0000000000000024
235,1.0000000000000024
236,1.0000000000000024
237,1.0000000000000024
238,1.0000000000000024
239,1.0000000000000024
240,1.0000000000000024
241,1.0000000000000024
242,1.0000000000000024
243,1.0000000000000024
244,1.0000000000000024
245,1.0000000000000024
246,1.0000000000000024
247,1.0000000000000022
248,1.0000000000000022
249,1.0000000000000022
250,1.0000000000000022
251,1.0000000000000022
252,1.0000000000000022
253,1.0000000000000022
254,1.0000000000000022
255,1.0000000000000022
256,1.0000000000000022
257,1.0000000000000022
258,1.0000000000000022
259,1.0000000000000022
260,1.0000000000000022
261,1.0000000000000022
262,1.0000000000000022
263,1.0000000000000022
264,1.0000000000000022
265,1.0000000000000022
266,1.0000000000000022
267,1.000000000000002
268,1.000000000000002
269,1.000000000000002
270,1.000000000000002
271,1.000000000000002
272,1.000000000000002
273,1.000000000000002
274,1.000000000000002
275,1.000000000000002
276,1.000000000000002
277,1.000000000000002
278,1.000000000000002
279,1.000000000000002
280,1.000000000000002
281,1.000000000000002
282,1.000000000000002
283,1.000000000000002
284,1.000000000000002
285,1.000000000000002
286,1.000000000000002
287,1.000000000000002
288,1.000000000000002
289,1.000000000000002
290,1.000000000000002
291,1.000000000000002
292,1.000000000000002
293,1.000000000000002
294,1.000000000000002
295,1.000000000000002
296,1.000000000000002
297,1.000000000000002
298,1.000000000000002
299,1.000000000000002
300,1.0000000000000018
301,1.0000000000000018
302,1.0000000000000018
303,1.0000000000000018
304,1.0000000000000018
305,1.0000000000000018
306,1.0000000000000018
307,1.0000000000000018
308,1.0000000000000018
309,1.0000000000000018
310,1.0000000000000018
311,1.0000000000000018
312,1.0000000000000018
313,1.0000000000000018
314,1.0000000000000018
315,1.0000000000000018
316,1.0000000000000018
317,1.0000000000000018
318,1.0000000000000018
319,1.0000000000000018
320,1.0000000000000018
321,1.0000000000000018
322,1.0000000000000018
323,1.0000000000000018
324,1.0000000000000018
325,1.0000000000000018
326,1.0000000000000018
327,1.0000000000000018
328,1.0000000000000018
329,1.0000000000000018
330,1.0000000000000018
331,1.0000000000000018
332,1.0000000000000018
333,1.0000000000000018
334,1.0000000000000018
335,1.0000000000000018
336,1.0000000000000018
337,1.0000000000000018
338,1.0000000000000016
339,1.0000000000000016
340,1.0000000000000016
341,1.0000000000000016
342,1.0000000000000016
343,1.0000000000000016
344,1.0000000000000016
345,1.0000000000000016
346,1.0000000000000016
347,1.0000000000000016
348,1.0000000000000016
349,1.0000000000000016
350,1.0000000000000016
351,1.0000000000000016
352,1.0000000000000016
353,1.0000000000000016
354,1.0000000000000016
355,1.0000000000000016
356,1.0000000000000016
357,1.0000000000000016
358,1.0000000000000016
359,1.0000000000000016
360,1.0000000000000016
361,1.0000000000000016
362,1.0000000000000016
363,1.0000000000000016
364,1.0000000000000016
365,1.0000000000000016
366,1.0000000000000016
367,1.0000000000000016
368,1.0000000000000016
369,1.0000000000000016
370,1.0000000000000016
371,1.0000000000000013
372,1.0000000000000013
373,1.0000000000000013
374,1.0000000000000013
375,1.0000000000000013
376,1.0000000000000013
377,1.0000000000000013
378,1.0000000000000013
379,1.0000000000000013
380,1.0000000000000013
381,1.0000000000000013
382,1.0000000000000013
383,1.0000000000000013
384,1.0000000000000013
385,1.0000000000000013
386,1.0000000000000013
387,1.0000000000000013
388,1.0000000000000013
389,1.0000000000000013
390,1.0000000000000013
391,1.0000000000000013
392,1.0000000000000013
393,1.0000000000000013
394,1.0000000000000013
395,1.0000000000000013
396,1.0000000000000013
397,1.0000000000000013
398,1.0000000000000013
399,1.0000000000000013
400,1.0000000000000013
401,1.0000000000000013
402,1.0000000000000013
403,1.0000000000000013
404,1.0000000000000013
405,1.0000000000000013
406,1.0000000000000013
407,1.0000000000000013
408,1.0000000000000013
409,1.0000000000000013
410,1.0000000000000013
411,1.0000000000000013
412,1.0000000000000013
413,1.0000000000000013
414,1.000000000000001
415,1.000000000000001
416,1.000000000000001
417,1.000000000000001
418,1.000000000000001
419,1.000000000000001
420,1.000000000000001
421,1.000000000000001
422,1.000000000000001
423,1.000000000000001
424,1.000000000000001
425,1.000000000000001
426,1.000000000000001
427,1.000000000000001
428,1.000000000000001
429,1.000000000000001
430,1.000000000000001
431,1.000000000000001
432,1.000000000000001
433,1.000000000000001
434,1.000000000000001
435,1.000000000000001
436,1.000000000000001
437,1.000000000000001
438,1.000000000000001
439,1.000000000000001
440,1.000000000000001
441,1.000000000000001
442,1.000000000000001
443,1.000000000000001
444,1.000000000000001
445,1.000000000000001
446,1.000000000000001
447,1.000000000000001
448,1.000000000000001
449,1.000000000000001
450,1.000000000000001
451,1.000000000000001
452,1.000000000000001
453,1.000000000000001
454,1.000000000000001
455,1.000000000000001
456,1.000000000000001
457,1.000000000000001
458,1.000000000000001
459,1.000000000000001
460,1.0000000000000009
461,1.0000000000000009
462,1.0000000000000009
463,1.0000000000000009
464,1.0000000000000009
465,1.0000000000000009
466,1.0000000000000009
467,1.0000000000000009
468,1.0000000000000009
469,1.0000000000000009
470,1.0000000000000009
471,1.0000000000000009
472,1.0000000000000009
473,1.0000000000000009
474,1.0000000000000009
475,1.0000000000000009
476,1.0000000000000009
477,1.0000000000000009
478,1.0000000000000009
479,1.0000000000000009
480,1.0000000000000009
481,1.0000000000000009
482,1.0000000000000009
483,1.0000000000000009
484,1.0000000000000009
485,1.0000000000000009
486,1.0000000000000009
487,1.0000000000000009
488,1.0000000000000009
489,1.0000000000000009
490,1.0000000000000009
491,1.0000000000000009
492,1.0000000000000009
493,1.0000000000000009
494,1.0000000000000009
495,1.0000000000000009
496,1.0000000000000009
497,1.0000000000000009
498,1.0000000000000009
499,1.0000000000000009
500,1.0000000000000009
501,1.0000000000000009
502,1.0000000000000009
503,1.0000000000000007
504,1.0000000000000007
505,1.0000000000000007
506,1.0000000000000007
507,1.0000000000000007
508,1.0000000000000007
509,1.0000000000000007
510,1.0000000000000007
511,1.0000000000000007
512,1.0000000000000007
513,1.0000000000000007
514,1.0000000000000007
515,1.0000000000000007
516,1.0000000000000007
517,1.0000000000000007
518,1.0000000000000007
519,1.0000000000000007
520,1.0000000000000007
521,1.0000000000000007
522,1.0000000000000007
523,1.0000000000000007
524,1.0000000000000007
525,1.0000000000000007
526,1.0000000000000007
527,1.0000000000000007
528,1.0000000000000007
529,1.0000000000000007
530,1.0000000000000007
531,1.0000000000000007
532,1.0000000000000007
533,1.0000000000000007
534,1.0000000000000007
535,1.0000000000000007
536,1.0000000000000007
537,1.0000000000000007
538,1.0000000000000007
539,1.0000000000000007
540,1.0000000000000007
541,1.0000000000000007
542,1.0000000000000007
543,1.0000000000000007
544,1.0000000000000007
545,1.0000000000000007
546,1.0000000000000007
547,1.0000000000000007
548,1.0000000000000007
549,1.0000000000000007
550,1.0000000000000007
551,1.0000000000000007
552,1.0000000000000007
553,1.0000000000000007
554,1.0000000000000007
555,1.0000000000000007
556,1.0000000000000007
557,1.0000000000000007
558,1.0000000000000007
559,1.0000000000000007
560,1.0000000000000007
561,1.0000000000000007
562,1.0000000000000007
563,1.0000000000000007
564,1.0000000000000007
565,1.0000000000000007
566,1.0000000000000007
567,1.0000000000000007
568,1.0000000000000004
569,1.0000000000000004
570,1.0000000000000004
571,1.0000000000000004
572,1.0000000000000004
573,1.0000000000000004
574,1.0000000000000004
575,1.0000000000000004
576,1.0000000000000004
577,1.0000000000000004
578,1.0000000000000004
579,1.0000000000000004
580,1.0000000000000004
581,1.0000000000000004
582,1.0000000000000004
583,1.0000000000000004
584,1.0000000000000004
585,1.0000000000000004
586,1.0000000000000004
587,1.0000000000000004
588,1.0000000000000004
589,1.0000000000000004
590,1.0000000000000004
591,1.0000000000000004
592,1.0000000000000004
593,1.0000000000000004
594,1.0000000000000004
595,1.0000000000000004
596,1.0000000000000004
597,1.0000000000000004
598,1.0000000000000004
599,1.0000000000000004
600,1.0000000000000004
601,1.0000000000000004
602,1.0000000000000004
603,1.0000000000000004
604,1.0000000000000004
605,1.0000000000000004
606,1.0000000000000004
607,1.0000000000000004
608,1.0000000000000004
609,1.0000000000000004
610,1.0000000000000004
611,1.0000000000000004
612,1.0000000000000004
613,1.0000000000000004
614,1.0000000000000004
615,1.0000000000000004
616,1.0000000000000004
617,1.0000000000000004
618,1.0000000000000004
619,1.0000000000000004
620,1.0000000000000004
621,1.0000000000000004
622,1.0000000000000004
623,1.0000000000000004
624,1.0000000000000004
625,1.0000000000000004
626,1.0000000000000004
627,1.0000000000000004
628,1.0000000000000004
629,1.0000000000000004
630,1.0000000000000004
631,1.0000000000000004
632,1.0000000000000004
633,1.0000000000000004
634,1.0000000000000004
635,1.0000000000000004
636,1.0000000000000004
637,1.0000000000000004
638,1.0000000000000004
639,1.0000000000000004
640,1.0000000000000004
641,1.0000000000000004
642,1.0000000000000004
643,1.0000000000000004
644,1.0000000000000004
645,1.0000000000000004
646,1.0000000000000004
647,1.0000000000000004
648,1.0000000000000004
649,1.0000000000000004
650,1.0000000000000004
651,1.0000000000000004
652,1.0000000000000004
653,1.0000000000000004
654,1.0000000000000004
655,1.0000000000000004
656,1.0000000000000004
657,1.0000000000000004
658,1.0000000000000004
659,1.0000000000000004
660,1.0000000000000004
661,1.0000000000000004
662,1.0000000000000004
663,1.0000000000000004
664,1.0000000000000004
665,1.0000000000000004
666,1.0000000000000004
667,1.0000000000000004
668,1.0000000000000004
669,1.0000000000000002
670,1.0000000000000002
671,1.0000000000000002
672,1.0000000000000002
673,1.0000000000000002
674,1.0000000000000002
675,1.0000000000000002
676,1.0000000000000002
677,1.0000000000000002
678,1.0000000000000002
679,1.0000000000000002
680,1.0000000000000002
681,1.0000000000000002
682,1.0000000000000002
683,1.0000000000000002
684,1.0000000000000002
685,1.0000000000000002
686,1.0000000000000002
687,1.0000000000000002
688,1.0000000000000002
689,1.0000000000000002
690,1.0000000000000002
691,1.0000000000000002
692,1.0000000000000002
693,1.0000000000000002
694,1.0000000000000002
695,1.0000000000000002
696,1.0000000000000002
697,1.0000000000000002
698,1.0000000000000002
699,1.0000000000000002
700,1.0000000000000002
701,1.0000000000000002
702,1.0000000000000002
703,1.0000000000000002
704,1.0000000000000002
705,1.0000000000000002
706,1.0000000000000002
707,1.0000000000000002
708,1.0000000000000002
709,1.0000000000000002
710,1.0000000000000002
711,1.0000000000000002
712,1.0000000000000002
713,1.0000000000000002
714,1.0000000000000002
715,1.0000000000000002
716,1.0000000000000002
717,1.0000000000000002
718,1.0000000000000002
719,1.0000000000000002
720,1.0000000000000002
721,1.0000000000000002
722,1.0000000000000002
723,1.0000000000000002
724,1.0000000000000002
725,1.0000000000000002
726,1.0000000000000002
727,1.0000000000000002
728,1.0000000000000002
729,1.0000000000000002
730,1.0000000000000002
731,1.0000000000000002
732,1.0000000000000002
733,1.0000000000000002
734,1.0000000000000002
735,1.0000000000000002
736,1.0000000000000002
737,1.0000000000000002
738,1.0000000000000002
739,1.0000000000000002
740,1.0000000000000002
741,1.0000000000000002
742,1.0000000000000002
743,1.0000000000000002
744,1.0000000000000002
745,1.0000000000000002
746,1.0000000000000002
747,1.0000000000000002
748,1.0000000000000002
749,1.0000000000000002
750,1.0000000000000002
751,1.0000000000000002
752,1.0000000000000002
753,1.0000000000000002
754,1.0000000000000002
755,1.0000000000000002
756,1.0000000000000002
757,1.0000000000000002
758,1.0000000000000002
759,1.0000000000000002
760,1.0000000000000002
761,1.0000000000000002
762,1.0000000000000002
763,1.0000000000000002
764,1.0000000000000002
765,1.0000000000000002
766,1.0000000000000002
767,1.0000000000000002
768,1.0000000000000002
769,1.0000000000000002
770,1.0000000000000002
771,1.0000000000000002
772,1.0000000000000002
773,1.0000000000000002
774,1.0000000000000002
775,1.0000000000000002
776,1.0000000000000002
777,1.0000000000000002
778,1.0
779,1.0
780,1.0
781,1.0
782,1.0
783,1.0
784,1.0
785,1.0
786,1.0
787,1.0
788,1.0
789,1.0
790,1.0
791,1.0
792,1.0
793,1.0
794,1.0
795,1.0
796,1.0
797,1.0
798,1.0
799,1.0
800,1.0
801,1.0
802,1.0
803,1.0
804,1.0
805,1.0
806,1.0
807,1.0
808,1.0
809,1.0
810,1.0
811,1.0
812,1.0
813,1.0
814,1.0
815,1.0
816,1.0
817,1.0
818,1.0
819,1.0
820,1.0
821,1.0
822,1.0
823,1.0
824,1.0
825,1.0
826,1.0
827,1.0
828,1.0
829,1.0
830,1.0
831,1.0
832,1.0
833,1.0
834,1.0
835,1.0
836,1.0
837,1.0
838,1.0
839,1.0
840,1.0
841,1.0
842,1.0
843,1.0
844,1.0
845,1.0
846,1.0
847,1.0
848,1.0
849,1.0
850,1.0
851,1.0
852,1.0
853,1.0
854,1.0
855,1.0
856,1.0
857,1.0
858,1.0
859,1.0
860,1.0
861,1.0
862,1.0
863,1.0
864,1.0
865,1.0
866,1.0
867,1.0
868,1.0
869,1.0
870,1.0
871,1.0
872,1.0
873,1.0
874,1.0
875,1.0
876,1.0
877,1.0
878,1.0
879,1.0
880,1.0
881,1.0
882,0.9999999999999999
883,0.9999999999999999
884,0.9999999999999999
885,0.9999999999999999
886,0.9999999999999999
887,0.9999999999999999
888,0.9999999999999999
889,0.9999999999999999
890,0.9999999999999999
891,0.9999999999999999
892,0.9999999999999999
893,0.9999999999999999
894,0.9999999999999999
895,0.9999999999999999
896,0.9999999999999999
897,0.9999999999999999
898,0.9999999999999999
899,0.9999999999999999
900,0.9999999999999999
901,0.9999999999999999
902,0.9999999999999999
903,0.9999999999999999
904,0.9999999999999999
905,0.9999999999999999
906,0.9999999999999999
907,0.9999999999999999
908,0.9999999999999999
909,0.9999999999999999
910,0.9999999999999999
911,0.9999999999999999
912,0.9999999999999999
913,0.9999999999999999
914,0.9999999999999999
915,0.9999999999999999
916,0.9999999999999999
917,0.9999999999999999
918,0.9999999999999999
919,0.9999999999999999
920,0.9999999999999999
921,0.9999999999999999
922,0.9999999999999999
923,0.9999999999999999
924,0.9999999999999999
925,0.9999999999999999
926,0.9999999999999999
927,0.9999999999999999
928,0.9999999999999999
929,0.9999999999999999
930,0.9999999999999999
931,0.9999999999999999
932,0.9999999999999999
933,0.9999999999999999
934,0.9999999999999999
935,0.9999999999999999
936,0.9999999999999999
937,0.9999999999999999
938,0.9999999999999999
939,0.9999999999999999
940,0.9999999999999999
941,0.9999999999999999
942,0.9999999999999999
943,0.9999999999999999
944,0.9999999999999999
945,0.9999999999999999
946,0.9999999999999999
947,0.9999999999999999
948,0.9999999999999999
949,0.9999999999999999
950,0.9999999999999999
951,0.9999999999999999
952,0.9999999999999999
953,0.9999999999999999
954,0.9999999999999998
955,0.9999999999999998
956,0.9999999999999998
957,0.9999999999999998
958,0.9999999999999998
959,0.9999999999999998
960,0.9999999999999998
961,0.9999999999999998
962,0.9999999999999998
963,0.9999999999999998
964,0.9999999999999998
965,0.9999999999999998
966,0.9999999999999998
967,0.9999999999999998
968,0.9999999999999998
969,0.9999999999999998
970,0.9999999999999998
971,0.9999999999999998
972,0.9999999999999998
973,0.9999999999999998
974,0.9999999999999998
975,0.9999999999999998
976,0.9999999999999998
977,0.9999999999999998
978,0.9999999999999998
979,0.9999999999999998
980,0.9999999999999998
981,0.9999999999999998
982,0.9999999999999998
983,0.9999999999999998
984,0.9999999999999998
985,0.9999999999999998
986,0.9999999999999998
987,0.9999999999999998
988,0.9999999999999998
989,0.9999999999999998
990,0.9999999999999998
991,0.9999999999999998
992,0.9999999999999998
993,0.9999999999999998
994,0.9999999999999998
995,0.9999999999999998
996,0.9999999999999998
997,0.9999999999999998
998,0.9999999999999998
999,0.9999999999999998
1000,0.9999999999999998
1001,0.9999999999999998
1002,0.9999999999999998
1003,0.9999999999999998
1004,0.9999999999999998
1005,0.9999999999999998
1006,0.9999999999999998
1007,0.9999999999999998
1008,0.9999999999999998
1009,0.9999999999999998
1010,0.9999999999999998
1011,0.9999999999999998
1012,0.9999999999999998
1013,0.9999999999999998
1014,0.9999999999999998
1015,0.9999999999999998
1016,0.9999999999999998
1017,0.9999999999999998
1018,0.9999999999999998
1019,0.9999999999999998
1020,0.9999999999999998
1021,0.9999999999999998
1022,0.9999999999999998
1023,0.9999999999999998
1024,0.9999999999999998
1025,0.9999999999999998
1026,0.9999999999999998
1027,0.9999999999999998
1028,0.9999999999999998
1029,0.9999999999999998
1030,0.9999999999999998
1031,0.9999999999999998
1032,0.9999999999999998
1033,0.9999999999999998
1034,0.9999999999999998
1035,0.9999999999999998
1036,0.9999999999999998
1037,0.9999999999999998
1038,0.9999999999999998
1039,0.9999999999999998
1040,0.9999999999999998
1041,0.9999999999999998
1042,0.9999999999999998
1043,0.9999999999999998
1044,0.9999999999999998
1045,0.9999999999999998
1046,0.9999999999999998
1047,0.9999999999999998
1048,0.9999999999999997
1049,0.9999999999999997
1050,0.9999999999999997
1051,0.9999999999999997
1052,0.9999999999999997
1053,0.9999999999999997
1054,0.9999999999999997
1055,0.9999999999999997
1056,0.9999999999999997
1057,0.9999999999999997
1058,0.9999999999999997
1059,0.9999999999999997
1060,0.9999999999999997
1061,0.9999999999999997
1062,0.9999999999999997
1063,0.9999999999999997
1064,0.9999999999999997
1065,0.9999999999999997
1066,0.9999999999999997
1067,0.9999999999999997
1068,0.9999999999999997
1069,0.9999999999999997
1070,0.9999999999999997
1071,0.9999999999999997
1072,0.9999999999999997
1073,0.9999999999999997
1074,0.9999999999999997
1075,0.9999999999999997
1076,0.9999999999999997
1077,0.9999999999999997
1078,0.9999999999999997
1079,0.9999999999999997
1080,0.9999999999999997
1081,0.9999999999999997
1082,0.9999999999999997
1083,0.9999999999999997
1084,0.9999999999999997
1085,0.9999999999999997
1086,0.9999999999999997
1087,0.9999999999999997
1088,0.9999999999999997
1089,0.9999999999999997
1090,0.9999999999999997
1091,0.9999999999999997
1092,0.9999999999999997
1093,0.9999999999999997
1094,0.9999999999999997
1095,0.9999999999999996
1096,0.9999999999999996
1097,0.9999999999999996
1098,0.9999999999999996
1099,0.9999999999999996
1100,0.9999999999999996
1101,0.9999999999999996
1102,0.9999999999999996
1103,0.9999999999999996
1104,0.9999999999999996
1105,0.9999999999999996
1106,0.9999999999999996
1107,0.9999999999999996
1108,0.9999999999999996
1109,0.9999999999999996
1110,0.9999999999999996
1111,0.9999999999999996
1112,0.9999999999999996
1113,0.9999999999999996
1114,0.9999999999999996
1115,0.9999999999999996
1116,0.9999999999999996
1117,0.9999999999999996
1118,0.9999999999999996
1119,0.9999999999999996
1120,0.9999999999999996
1121,0.9999999999999996
1122,0.9999999999999996
1123,0.9999999999999996
1124,0.9999999999999996
1125,0.9999999999999996
1126,0.9999999999999996
1127,0.9999999999999996
1128,0.9999999999999996
1129,0.9999999999999996
1130,0.9999999999999996
1131,0.9999999999999996
1132,0.9999999999999996
1133,0.9999999999999996
1134,0.9999999999999996
1135,0.9999999999999996
1136,0.9999999999999996
1137,0.9999999999999996
1138,0.9999999999999996
1139,0.9999999999999996
1140,0.9999999999999996
1141,0.9999999999999996
1142,0.9999999999999996
1143,0.9999999999999996
1144,0.9999999999999996
1145,0.9999999999999996
1146,0.9999999999999996
1147,0.9999999999999996
1148,0.9999999999999996
1149,0.9999999999999996
1150,0.9999999999999996
1151,0.9999999999999994
1152,0.9999999999999994
1153,0.9999999999999994
1154,0.9999999999999994
1155,0.9999999999999994
1156,0.9999999999999994
1157,0.9999999999999994
1158,0.9999999999999994
1159,0.9999999999999994
1160,0.9999999999999994
1161,0.9999999999999994
1162,0.9999999999999994
1163,0.9999999999999994
1164,0.9999999999999994
1165,0.9999999999999994
1166,0.9999999999999994
1167,0.9999999999999994
1168,0.9999999999999994
1169,0.9999999999999994
1170,0.9999999999999994
1171,0.9999999999999994
1172,0.9999999999999994
1173,0.9999999999999994
1174,0.9999999999999994
1175,0.9999999999999994
1176,0.9999999999999994
1177,0.9999999999999994
1178,0.9999999999999994
1179,0.9999999999999994
1180,0.9999999999999994
1181,0.9999999999999994
1182,0.9999999999999994
1183,0.9999999999999994
1184,0.9999999999999994
1185,0.9999999999999994
1186,0.9999999999999994
1187,0.9999999999999994
1188,0.9999999999999994
1189,0.9999999999999994
1190,0.9999999999999994
1191,0.9999999999999994
1192,0.9999999999999994
1193,0.9999999999999994
1194,0.9999999999999994
1195,0.9999999999999993
1196,0.9999999999999993
1197,0.9999999999999993
1198,0.9999999999999993
1199,0.9999999999999993
1200,0.9999999999999993
1201,0.9999999999999993
1202,0.9999999999999993
1203,0.9999999999999993
1204,0.9999999999999993
1205,0.9999999999999993
1206,0.9999999999999993
1207,0.9999999999999993
1208,0.9999999999999993
1209,0.9999999999999993
1210,0.9999999999999993
1211,0.9999999999999993
1212,0.9999999999999993
1213,0.9999999999999993
1214,0.9999999999999993
1215,0.9999999999999993
1216,0.9999999999999993
1217,0.9999999999999993
1218,0.9999999999999993
1219,0.9999999999999993
1220,0.9999999999999993
1221,0.9999999999999993
1222,0.9999999999999993
1223,0.9999999999999993
1224,0.9999999999999993
1225,0.9999999999999993
1226,0.9999999999999993
1227,0.9999999999999993
1228,0.9999999999999993
1229,0.9999999999999993
1230,0.9999999999999993
1231,0.9999999999999993
1232,0.9999999999999993
1233,0.9999999999999993
1234,0.9999999999999993
1235,0.9999999999999993
1236,0.9999999999999993
1237,0.9999999999999993
1238,0.9999999999999993
1239,0.9999999999999993
1240,0.9999999999999993
1241,0.9999999999999993
1242,0.9999999999999993
1243,0.9999999999999993
1244,0.9999999999999993
1245,0.9999999999999993
1246,0.9999999999999993
1247,0.9999999999999993
1248,0.9999999999999993
1249,0.9999999999999993
1250,0.9999999999999993
1251,0.9999999999999993
1252,0.9999999999999993
1253,0.9999999999999993
1254,0.9999999999999993
1255,0.9999999999999993
1256,0.9999999999999993
1257,0.9999999999999993
1258,0.9999999999999993
1259,0.9999999999999993
1260,0.9999999999999992
1261,0.9999999999999992
1262,0.9999999999999992
1263,0.9999999999999992
1264,0.9999999999999992
1265,0.9999999999999992
1266,0.9999999999999992
1267,0.9999999999999992
1268,0.9999999999999992
1269,0.9999999999999992
1270,0.9999999999999992
1271,0.9999999999999992
1272,0.9999999999999992
1273,0.9999999999999992
1274,0.9999999999999992
1275,0.9999999999999992
1276,0.9999999999999992
1277,0.9999999999999992
1278,0.9999999999999992
1279,0.9999999999999992
1280,0.9999999999999992
1281,0.9999999999999992
1282,0.9999999999999992
1283,0.9999999999999992
1284,0.9999999999999992
1285,0.9999999999999992
1286,0.9999999999999992
1287,0.9999999999999992
1288,0.9999999999999992
1289,0.9999999999999992
1290,0.9999999999999992
1291,0.9999999999999992
1292,0.9999999999999992
1293,0.9999999999999992
1294,0.9999999999999992
1295,0.9999999999999991
1296,0.9999999999999991
1297,0.9999999999999991
1298,0.9999999999999991
1299,0.9999999999999991
1300,0.9999999999999991
1301,0.9999999999999991
1302,0.9999999999999991
1303,0.9999999999999991
1304,0.9999999999999991
1305,0.9999999999999991
1306,0.9999999999999991
1307,0.9999999999999991
1308,0.9999999999999991
1309,0.9999999999999991
1310,0.9999999999999991
1311,0.9999999999999991
1312,0.9999999999999991
1313,0.9999999999999991
1314,0.9999999999999991
1315,0.9999999999999991
1316,0.9999999999999991
1317,0.9999999999999991
1318,0.9999999999999991
1319,0.9999999999999991
1320,0.9999999999999991
1321,0.9999999999999991
1322,0.9999999999999991
1323,0.9999999999999991
1324,0.9999999999999991
1325,0.9999999999999991
1326,0.9999999999999991
1327,0.9999999999999991
1328,0.9999999999999991
1329,0.9999999999999991
1330,0.9999999999999991
1331,0.9999999999999991
1332,0.999999999999999
1333,0.999999999999999
1334,0.999999999999999
1335,0.999999999999999
1336,0.999999999999999
1337,0.999999999999999
1338,0.999999999999999
1339,0.999999999999999
1340,0.999999999999999
1341,0.999999999999999
1342,0.999999999999999
1343,0.999999999999999
1344,0.999999999999999
1345,0.999999999999999
1346,0.999999999999999
1347,0.999999999999999
1348,0.999999999999999
1349,0.999999999999999
1350,0.999999999999999
1351,0.999999999999999
1352,0.999999999999999
1353,0.999999999999999
1354,0.999999999999999
1355,0.999999999999999
1356,0.999999999999999
1357,0.999999999999999
1358,0.999999999999999
1359,0.999999999999999
1360,0.999999999999999
1361,0.999999999999999
1362,0.9999999999999989
1363,0.9999999999999989
1364,0.9999999999999989
1365,0.9999999999999989
1366,0.9999999999999989
1367,0.9999999999999989
1368,0.9999999999999989
1369,0.9999999999999989
1370,0.9999999999999989
1371,0.9999999999999989
1372,0.9999999999999989
1373,0.9999999999999989
1374,0.9999999999999989
1375,0.9999999999999989
1376,0.9999999999999989
1377,0.9999999999999989
1378,0.9999999999999989
1379,0.9999999999999989
1380,0.9999999999999989
1381,0.9999999999999989
1382,0.9999999999999989
1383,0.9999999999999989
1384,0.9999999999999989
1385,0.9999999999999989
1386,0.9999999999999989
1387,0.9999999999999989
1388,0.9999999999999989
1389,0.9999999999999989
1390,0.9999999999999989
1391,0.9999999999999989
1392,0.9999999999999989
1393,0.9999999999999989
1394,0.9999999999999989
1395,0.9999999999999989
1396,0.9999999999999989
1397,0.9999999999999989
1398,0.9999999999999988
1399,0.9999999999999988
1400,0.9999999999999988
1401,0.9999999999999988
1402,0.9999999999999988
1403,0.9999999999999988
1404,0.9999999999999988
1405,0.9999999999999988
1406,0.9999999999999988
1407,0.9999999999999988
1408,0.9999999999999988
1409,0.9999999999999988
1410,0.9999999999999988
1411,0.9999999999999988
1412,0.9999999999999988
1413,0.9999999999999988
1414,0.9999999999999988
1415,0.9999999999999988
1416,0.9999999999999987
1417,0.9999999999999987
1418,0.9999999999999987
1419,0.9999999999999987
1420,0.9999999999999987
1421,0.9999999999999987
1422,0.9999999999999987
1423,0.9999999999999987
1424,0.9999999999999987
1425,0.9999999999999987
1426,0.9999999999999987
1427,0.9999999999999987
1428,0.9999999999999987
1429,0.9999999999999987
1430,0.9999999999999987
1431,0.9999999999999987
1432,0.9999999999999987
1433,0.9999999999999987
1434,0.9999999999999987
1435,0.9999999999999987
1436,0.9999999999999986
1437,0.9999999999999986
1438,0.9999999999999986
1439,0.9999999999999986
1440,0.9999999999999986
1441,0.9999999999999986
1442,0.9999999999999986
1443,0.9999999999999986
1444,0.9999999999999986
1445,0.9999999999999986
1446,0.9999999999999986
1447,0.9999999999999986
1448,0.9999999999999986
1449,0.9999999999999986
1450,0.9999999999999986
1451,0.9999999999999986
1452,0.9999999999999986
1453,0.9999999999999986
1454,0.9999999999999986
1455,0.9999999999999986
1456,0.9999999999999986
1457,0.9999999999999986
1458,0.9999999999999986
1459,0.9999999999999986
1460,0.9999999999999984
1461,0.9999999999999984
1462,0.9999999999999984
1463,0.9999999999999984
1464,0.9999999999999984
1465,0.9999999999999984
1466,0.9999999999999984
1467,0.9999999999999984
1468,0.9999999999999984
1469,0.9999999999999984
1470,0.9999999999999984
1471,0.9999999999999984
1472,0.9999999999999984
1473,0.9999999999999984
1474,0.9999999999999984
1475,0.9999999999999984
1476,0.9999999999999984
1477,0.9999999999999984
1478,0.9999999999999984
1479,0.9999999999999984
1480,0.9999999999999984
1481,0.9999999999999983
1482,0.9999999999999983
1483,0.9999999999999983
1484,0.9999999999999983
1485,0.9999999999999983
1486,0.9999999999999983
1487,0.9999999999999983
1488,0.9999999999999983
1489,0.9999999999999983
1490,0.9999999999999983
1491,0.9999999999999983
1492,0.9999999999999983
1493,0.9999999999999983
1494,0.9999999999999983
1495,0.9999999999999983
1496,0.9999999999999983
1497,0.9999999999999983
1498,0.9999999999999983
1499,0.9999999999999983
1500,0.9999999999999982
1501,0.9999999999999982
1502,0.9999999999999982
1503,0.9999999999999982
1504,0.9999999999999982
1505,0.9999999999999982
1506,0.9999999999999982
1507,0.9999999999999982
1508,0.9999999999999982
1509,0.9999999999999982
1510,0.9999999999999982
1511,0.9999999999999982
1512,0.9999999999999982
1513,0.9999999999999982
1514,0.9999999999999982
1515,0.9999999999999981
1516,0.9999999999999981
1517,0.9999999999999981
1518,0.9999999999999981
1519,0.9999999999999981
1520,0.9999999999999981
1521,0.9999999999999981
1522,0.9999999999999981
1523,0.9999999999999981
1524,0.9999999999999981
1525,0.9999999999999981
1526,0.9999999999999981
1527,0.9999999999999981
1528,0.9999999999999981
1529,0.9999999999999981
1530,0.999999999999998
1531,0.999999999999998
1532,0.999999999999998
1533,0.999999999999998
1534,0.999999999999998
1535,0.999999999999998
1536,0.999999999999998
1537,0.999999999999998
1538,0.999999999999998
1539,0.999999999999998
1540,0.999999999999998
1541,0.999999999999998
1542,0.999999999999998
1543,0.999999999999998
1544,0.999999999999998
1545,0.999999999999998
1546,0.999999999999998
1547,0.9999999999999979
1548,0.9999999999999979
1549,0.9999999999999979
1550,0.9999999999999979
1551,0.9999999999999979
1552,0.9999999999999979
1553,0.9999999999999979
1554,0.9999999999999979
1555,0.9999999999999979
1556,0.9999999999999979
1557,0.9999999999999979
1558,0.9999999999999979
1559,0.9999999999999979
1560,0.9999999999999979
1561,0.9999999999999978
1562,0.9999999999999978
1563,0.9999999999999978
1564,0.9999999999999978
1565,0.9999999999999978
1566,0.9999999999999978
1567,0.9999999999999978
1568,0.9999999999999978
1569,0.9999999999999978
1570,0.9999999999999978
1571,0.9999999999999978
1572,0.9999999999999978
1573,0.9999999999999978
1574,0.9999999999999978
1575,0.9999999999999978
1576,0.9999999999999978
1577,0.9999999999999977
1578,0.9999999999999977
1579,0.9999999999999977
1580,0.9999999999999977
1581,0.9999999999999977
1582,0.9999999999999977
1583,0.9999999999999977
1584,0.9999999999999977
1585,0.9999999999999977
1586,0.9999999999999977
1587,0.9999999999999977
1588,0.9999999999999976
1589,0.9999999999999976
1590,0.9999999999999976
1591,0.9999999999999976
1592,0.9999999999999976
1593,0.9999999999999976
1594,0.9999999999999976
1595,0.9999999999999974
1596,0.9999999999999974
1597,0.9999999999999974
1598,0.9999999999999974
1599,0.9999999999999974
1600,0.9999999999999974
1601,0.9999999999999974
1602,0.9999999999999973
1603,0.9999999999999973
1604,0.9999999999999973
1605,0.9999999999999973
1606,0.9999999999999973
1607,0.9999999999999973
1608,0.9999999999999973
1609,0.9999999999999973
1610,0.9999999999999973
1611,0.9999999999999973
1612,0.9999999999999972
1613,0.9999999999999972
1614,0.9999999999999972
1615,0.9999999999999972
1616,0.9999999999999972
1617,0.9999999999999972
1618,0.9999999999999972
1619,0.9999999999999972
1620,0.9999999999999971
1621,0.9999999999999971
1622,0.999999999999997
1623,0.999999999999997
1624,0.9999999999999969
1625,0.9999999999999969
1626,0.9999999999999969
1627,0.9999999999999969
1628,0.9999999999999969
1629,0.9999999999999969
1630,0.9999999999999968
1631,0.9999999999999968
1632,0.9999999999999968
1633,0.9999999999999968
1634,0.9999999999999968
1635,0.9999999999999967
1636,0.9999999999999967
1637,0.9999999999999966
1638,0.9999999999999966
1639,0.9999999999999964
1640,0.9999999999999964
1641,0.9999999999999963
1642,0.9999999999999962
1643,0.9999999999999962
1644,0.9999999999999962
1645,0.9999999999999962
1646,0.9999999999999961
1647,0.9999999999999961
1648,0.999999999999996
1649,0.999999999999996
1650,0.9999999999999959
1651,0.9999999999999959
1652,0.9999999999999959
1653,0.9999999999999958
1654,0.9999999999999957
1655,0.9999999999999954
1656,0.9999999999999954
1657,0.9999999999999954
1658,0.9999999999999953
1659,0.9999999999999953
1660,0.9999999999999953
1661,0.9999999999999952
1662,0.999999999999995
1663,0.999999999999995
1664,0.9999999999999948
1665,0.9999999999999947
1666,0.9999999999999947
1667,0.9999999999999943
1668,0.9999999999999943
1669,0.9999999999999943
1670,0.9999999999999942
1671,0.9999999999999941
1672,0.9999999999999941
1673,0.9999999999999941
1674,0.9999999999999941
1675,0.999999999999994
1676,0.9999999999999939
1677,0.9999999999999937
1678,0.9999999999999936
1679,0.9999999999999934
1680,0.9999999999999934
1681,0.9999999999999933
1682,0.9999999999999932
1683,0.9999999999999931
1684,0.9999999999999931
1685,0.999999999999993
1686,0.9999999999999929
1687,0.9999999999999929
1688,0.9999999999999926
1689,0.9999999999999917
1690,0.9999999999999913
1691,0.999999999999991
1692,0.9999999999999909
1693,0.9999999999999909
1694,0.9999999999999905
1695,0.9999999999999901
1696,0.9999999999999891
1697,0.9999999999999879
1698,0.999999999999987
1699,0.9999999999999831
1700,0.9999999999999514
1701,0.9999999999999213
1702,0.9999999999999056
1703,0.9999999999997381
1704,0.9999999999997097
1705,0.9999999999996622
1706,0.9999999999992947
1707,0.9999999999985916
1708,0.9999999999846707
1709,0.9999999999749015
1710,0.999999999972415
1711,0.9999999998744123
1712,0.9999999998483338
1713,0.9999999998076339
1714,0.9999999997490328
1715,0.9999999996512091
1716,0.999999999591927
1717,0.9999999994390509
1718,0.999999999141087
1719,0.9999999991163481
1720,0.9999999852205882
1721,0.9999999823748601
1722,0.9999999381685483
1723,0.9999997346810571
1724,0.9999997307445758
1725,0.9999992018800588
1726,0.9999991162973623
1727,0.999993449195282
1728,0.9999922162268763
1729,0.9999681985083123
1730,0.9999653303368745
1731,0.9999649185256142
1732,0.999963521641796
1733,0.9999436326852736
1734,0.9999364314701279
1735,0.9999260448105028
1736,0.999925901181875
1737,0.9999231623963268
1738,0.9999164101691657
1739,0.999710018570242
1740,0.9996659996446666
1741,0.999649927709188
1742,0.999549354091474
1743,0.9993951385958995
1744,0.9989892672053933
1745,0.998890596445549
1746,0.9988658296316171
1747,0.9985071088342269
1748,0.9982808992220055
1749,0.9981493164352601
1750,0.9981083697460044
1751,0.9980763458371306
1752,0.9980244356099225
1753,0.9972508852328069
1754,0.9972088303873342
1755,0.9969133292860687
1756,0.9965560955693432
1757,0.9958766108535594
1758,0.9952063877009198
1759,0.9949276296925927
1760,0.994875385953287
1761,0.9933851434037809
1762,0.9928221194936017
1763,0.9924437348865967
1764,0.9915510908351136
1765,0.9896999697062543
1766,0.9881771532092771
1767,0.9876508537634626
1768,0.9865173726966576
1769,0.9829037224964751
1770,0.9812556604746514
1771,0.9812112755070428
1772,0.9810325182938975
1773,0.9804747552451062
1774,0.9802550651365496
1775,0.9789054154928367
1776,0.9753239602082404
1777,0.9715936087956315
1778,0.9714127389305215
1779,0.9695520894373374
1780,0.9667347380985669
1781,0.9646785101378239
1782,0.9547296796182952
1783,0.954638494800222
1784,0.9426152010697741
1785,0.9421882404662906
1786,0.9243342417627503
1787,0.9237413728013111
1788,0.9196306777833352
1789,0.9195912184443328
1790,0.9156660933096712
1791,0.9137418149752062
1792,0.9036235396720117
1793,0.8956629791542237
1794,0.8930834434151868
1795,0.8860055363150494
1796,0.8757381306374581
1797,0.8742718899534849
1798,0.873181689491877
1799,0.8519821166759672
1800,0.8382663184136051
1801,0.8262933432526157
1802,0.8248461794152213
1803,0.819231469239827
1804,0.817448387989883
1805,0.8010542167503432
1806,0.7930035277267512
1807,0.7863559970402683
1808,0.7784757867750063
1809,0.7722401687081294
1810,0.7667871056662191
1811,0.7597327542565456
1812,0.712798441940236
1813,0.7117639500279997
1814,0.6931842027195171
1815,0.6905928531706808
1816,0.6877363986802322
1817,0.6574161057431755
1818,0.6544177638765251
1819,0.652614616923492
1820,0.6276939287698016
1821,0.623167650607403
1822,0.596173727832865
1823,0.5885918055462467
1824,0.5774736591464062
1825,0.5271048177823918
1826,0.5088678187637555
1827,0.498025463432988
1828,0.48734677909443913
1829,0.4857596859921181
1830,0.473110222713318
1831,0.47014809546972247
1832,0.42591900801815824
1833,0.41615394055582794
1834,0.41103906964872905
1835,0.40393282152592613
1836,0.39208580776378577
1837,0.38681032571989277
1838,0.3850501702390008
1839,0.3483248098041838
1840,0.34629874474364514
1841,0.3229085445016154
1842,0.30931575300349945
1843,0.3035699141979837
1844,0.30168589810550434
1845,0.2991417491199178
1846,0.29778408741939694
1847,0.2938120454080241
1848,0.28797670015918186
1849,0.28421353431113316
1850,0.2711775712451359
1851,0.2686036278849446
1852,0.2640591832850181
1853,0.2600979330235716
1854,0.25243990807382577
1855,0.2518448317257865
1856,0.24521381679181672
1857,0.23241086442185463
1858,0.2289493504979742
1859,0.22208677922816286
1860,0.2187307077750116
1861,0.21561410822026184
1862,0.20931633479007133
1863,0.203981744606721
1864,0.20320561107043347
1865,0.1960720845365056
1866,0.18281568959905795
1867,0.17905220708487585
1868,0.1721083346982358
1869,0.16952720244171987
1870,0.16476182988724608
1871,0.16294404563285825
1872,0.1526769839303075
1873,0.15088644841982982
1874,0.14799074928602762
1875,0.138126263188454
1876,0.12583405493305916
1877,0.12573379197663995
1878,0.12020460655473093
1879,0.11576763392524554
1880,0.11162278236880906
1881,0.10934200188815413
1882,0.10380081924379442
1883,0.10137744851167152
1884,0.09687408882740298
1885,0.09469716532714587
1886,0.0893927641670198
1887,0.08468517046315269
1888,0.07953093031731272
1889,0.0736838459369688
1890,0.06944498911658605
1891,0.06761333792457881
1892,0.0641858665482904
1893,0.061350281695798904
1894,0.058092786893328766
1895,0.0546151622023163
1896,0.05415630944621881
1897,0.05269277950388717
1898,0.05141396178682155
1899,0.05087815520642181
1900,0.0505324159727365
1901,0.04868807396381431
1902,0.043980095948957326
1903,0.039890455349484204
1904,0.037732979385551355
1905,0.03592482204958944
1906,0.03507001239180268
1907,0.03150023746679344
1908,0.028184127998194596
1909,0.026301836140458456
1910,0.024926543806865736
1911,0.024072680842308673
1912,0.023698807720827164
1913,0.023684514724508405
1914,0.023420568024241858
1915,0.022182542745622747
1916,0.020396882523287
1917,0.017957164515239155
1918,0.01784511519393814
1919,0.01778415108069482
1920,0.016791435130072484
1921,0.015214459427770258
1922,0.01511464803467029
1923,0.01426089612850741
1924,0.01334713533071194
1925,0.012492152896186628
1926,0.01197321129361701
1927,0.01158443892111218
1928,0.010583507187974569
1929,0.0097778146882996
1930,0.008815248683557255
1931,0.008431602560451347
1932,0.007703307696030922
1933,0.007311455190071045
1934,0.007229056725986016
1935,0.0065068480032208055
1936,0.005957104307868518
1937,0.005147219519729959
1938,0.0047326415567823
1939,0.0044658601599457184
1940,0.004261757004709425
1941,0.004046262985611821
1942,0.003953717194044169
1943,0.0035858721664379207
1944,0.002412246499282674
1945,0.001956021715404371
1946,0.0019144859606198485
1947,0.001753242613664441
1948,0.0016244867139838767
1949,0.0012850008292469887
1950,0.0012161498004489976
1951,0.0011408827173847896
1952,0.0011129380265971188
1953,0.0010493077438721895
1954,0.000937774318603105
1955,0.0007879701851983961
1956,0.0007103072967132737
1957,0.0007004609858101143
1958,0.00048624224899898827
1959,0.0004594732603907992
1960,0.0003370473203679522
1961,0.0003231033914902841
1962,0.0003132373728065502
1963,0.00027521379676973413
1964,0.00021898385498341335
1965,0.00020255062765599393
1966,0.00017488944963989835
1967,0.00017289627506088032
1968,0.00014729757590236655
1969,0.00014186644018927892
1970,0.00012942851968889972
1971,0.00012482615159815872
1972,0.00011052160114171898
1973,9.964853208672511e-05
1974,9.215119640782419e-05
1975,8.928147903798952e-05
1976,8.125733972410174e-05
1977,7.449921685176951e-05
1978,6.805011272888006e-05
1979,6.0597252414386494e-05
1980,5.1590279156728264e-05
1981,3.74482962471364e-05
1982,3.691099091969498e-05
1983,2.8580809883412755e-05
1984,2.6886979567664935e-05
1985,2.3685323192347323e-05
1986,1.848281614314151e-05
1987,1.625968474051544e-05
1988,1.4106004961893882e-05
1989,1.2221517309162223e-05
1990,1.1023099744138275e-05
1991,1.0772764077477378e-05
1992,8.848361119169163e-06
1993,7.769706392883287e-06
1994,4.995985644423342e-06
1995,4.627194928431305e-06
1996,4.14779955963675e-06
1997,3.5504081425314336e-06
1998,3.051537512228354e-06
1999,2.961198942007107e-06
2000,2.33260886326773e-06
2001,2.3061540127331016e-06
2002,1.700456996118064e-06
2003,1.095523664972701e-06
2004,1.0101978652844143e-06
2005,9.837025814596858e-07
2006,8.365904886636737e-07
2007,7.349709569949537e-07
2008,6.71037370153505e-07
2009,6.014221314624762e-07
2010,5.756091952896574e-07
2011,5.290813498417914e-07
2012,4.6031116685345416e-07
2013,4.468628329474059e-07
2014,3.9260324208819584e-07
2015,3.750284687698033e-07
2016,2.658398773509462e-07
2017,2.2914353692798054e-07
2018,1.5648192115340533e-07
2019,8.782346601202133e-08
2020,7.341404939059098e-08
2021,5.7892178646162787e-08
2022,4.52770450087996e-08
2023,4.310549914507679e-08
2024,3.501946842468584e-08
2025,3.0965937469666545e-08
2026,2.7324713039371924e-08
2027,1.2783918837165155e-08
2028,1.2620900103428444e-08
2029,5.187590908973014e-09
2030,4.418108310301886e-09
2031,3.809839403599229e-09
2032,2.779665139270091e-09
2033,2.66013756546896e-09
2034,1.8786046971609006e-09
2035,1.4780569127332002e-09
2036,1.420586724775969e-09
2037,1.1428145423246516e-09
2038,8.453713756951762e-10
