COUNTYGEOID,000071432,N495,000079016
02013,0.0,0.0,0.0
02016,0.0,0.0,0.0
02020,9034.181089595202,0.0,0.0
02050,390.08943819999996,0.0,0.0
02060,0.0,0.0,0.0
02068,0.0,0.0,0.0
02070,0.0,0.0,0.0
02090,75139.01851423661,1138105.9076205513,0.0
02100,0.0,0.0,0.0
02105,0.0,0.0,0.0
02110,491.24053671,0.0,0.0
02122,260334.03373077093,401.42924745000005,0.0
02130,585.1341573000002,0.0,0.0
02150,0.0,0.0,0.0
02158,0.0,0.0,0.0
02164,0.0,0.0,0.0
02170,0.0,0.0,0.0
02180,0.0,0.0,0.0
02185,0.0,0.0,0.0
02188,217.7243376,8211012.538200158,0.0
02195,0.0,0.0,0.0
02198,0.0,0.0,0.0
02220,0.0,0.0,0.0
02230,0.0,0.0,0.0
02240,0.0,0.0,0.0
02261,8419.490853465999,0.0,0.0
02275,0.0,0.0,0.0
02282,0.0,0.0,0.0
02290,0.0,0.0,0.0
01001,0.0,0.0,0.0
01003,0.0,0.0,0.0
01005,0.0,0.0,0.0
01007,0.0,0.0,0.0
01009,0.0,0.0,0.0
01011,0.0,0.0,0.0
01013,0.0,0.0,0.0
01015,87000.93979764881,883.9685217262901,689850.4918382001
01017,0.0,0.0,0.0
01019,0.0,1009.2112717841001,0.0
01021,0.0,0.0,0.0
01023,0.0,0.0,0.0
01025,0.0,0.0,0.0
01027,65.31730128,0.0,0.0
01029,0.0,0.0,0.0
01031,0.0,0.0,0.0
01033,0.0,156919.37321676002,0.0
01035,0.0,0.0,0.0
01037,0.0,0.0,0.0
01039,0.0,0.0,0.0
01041,0.0,0.0,0.0
01043,121.56275516,1409.76508596,236654.56156958
01045,54736.35206501,0.0,0.0
01047,0.0,0.0,0.0
01049,0.0,33.688305319899996,0.0
01051,0.0,1.36077711,0.0
01053,0.0,0.0,0.0
01055,287095.3938906901,64841.48942467197,1298171.8375002302
01057,0.0,0.0,0.0
01059,62.14215469000001,0.0,70150.78157472001
01061,0.0,0.0,0.0
01063,0.0,338271.49944357004,0.0
01065,0.0,0.0,0.0
01067,0.0,0.0,0.0
01069,0.0,19.95806428,49704.69726383701
01071,0.0,740313.5501854401,367364.00687063
01073,1771386.96654809,483772.8480285723,176610.13551311902
01075,0.0,0.0,35869.63102723
01077,0.0,0.0,36960.97426945
01079,0.0,0.0,0.0
01081,0.0,10.432624510000002,533963.04126319
01083,0.0,0.0,0.0
01085,0.0,0.0,0.0
01087,0.0,0.0,0.0
01089,0.0,552.0718094507,850477.52908734
01091,2.72155422,0.0,267.61949830000003
01093,0.0,0.0,3628.73896
01095,5527.47662082,344.7800963607,0.0
01097,251681.3147524984,552211.9912654639,120852.42950858005
01099,0.0,8781.548283200002,0.0
01101,1563.662808244768,444.4141996412873,1367351.47781078
01103,888046.7707249598,14579.118295105984,76803.81591022907
01105,0.0,0.0,0.0
01107,0.0,0.0,0.0
01109,0.0,0.0,0.0
01111,0.0,0.0,0.0
01113,19056.77624081,5888.536147340002,0.0
01115,0.0,48.1624378466,0.0
01117,0.0,942238.9129609908,234.50725529
01119,83364.15002667367,2834513.802076304,0.0
01121,1408.177512665,11.79340162,0.0
01123,0.0,0.0,0.0
01125,134971.7802271608,1249.7331619003005,54987.18864562
01127,12.70058636,769295.8346665899,0.0
01129,0.0,103744.694322423,0.0
01131,0.0,1481.7048358420002,0.0
01133,0.0,0.0,0.0
05001,162.612864645,0.0,0.0
05003,0.0,0.0,0.0
05005,0.0,0.0,1218.34910582
05007,0.0,12604.424777560003,0.0
05009,0.0,1.7780820903999999,31803.175430180007
05011,0.0,0.0,0.0
05013,0.0,0.0,0.0
05015,0.0,0.0,0.0
05017,0.0,0.0,0.0
05019,0.0,13569.66934092,0.0
05021,0.0,635.029318,0.0
05023,0.0,0.0,0.0
05025,0.0,0.0,0.0
05027,102646.59255389,0.08164662660000001,0.0
05029,0.0,0.0,0.0
05031,0.0,0.0,140779.64950742002
05033,0.0,57.800368524359996,0.0
05035,31626.324301040702,0.0,0.0
05037,0.0,0.0,1365207.34667779
05039,0.0,0.0,0.0
05041,0.0,0.0,0.0
05043,0.0,0.0,0.0
05045,0.0,385.462796026,0.0
05047,0.0,0.0,0.0
05049,0.0,0.0,0.0
05051,12519.149412,7608946.979747837,0.0
05053,0.0,0.0,0.0
05055,0.0,3965.30449854,0.0
05057,0.0,8642.74901798,268170.15943718003
05059,0.0,0.0,0.0
05061,6651.93210605,0.0,0.0
05063,85883.63292817005,161102.42219240122,437147.8322180201
05065,0.0,0.0,0.0
05067,4415.6400753234,0.0,0.0
05069,0.0,125170.17527861,35965.3390173
05071,0.0,0.0,1136184.47673346
05073,0.0,0.0,0.0
05075,0.0,0.0,0.0
05077,0.0,0.0,0.0
05079,0.0,0.0,0.0
05081,51.6777787141,24316.86802934262,17.377123694700003
05083,0.0,0.0,0.0
05085,0.0,0.0,0.0
05087,0.0,0.0,0.0
05089,0.0,0.0,0.0
05091,0.0,10.658604228734,0.0
05093,0.0,13992.708091750696,0.0
05095,0.0,0.0,0.0
05097,0.0,0.0,0.0
05099,0.0,0.0,0.0
05101,0.0,0.0,0.0
05103,127.3914171145,0.0,13913.03876501
05105,0.0,0.0,0.0
05107,0.0,0.0,0.0
05109,0.0,0.0,0.0
05111,0.0,0.0,0.0
05113,0.0,0.0,0.0
05115,0.0,0.0,0.0
05117,0.0,0.0,0.0
05119,98701.699712,53.4377171097,55274.7662082
05121,0.0,0.0,52725.57708880001
05123,0.0,0.0,0.0
05125,0.0,0.90718474,158.30373713
05127,0.0,0.0,0.0
05129,0.0,0.0,0.0
05131,0.0,478.60148714031305,31141.83775472
05133,272.15542200000004,0.0,0.0
05135,0.0,0.0,0.0
05137,0.0,0.0,0.0
05139,461234.820382674,77628.88138037956,291981.02143222705
05141,0.0,0.0,0.0
05143,0.0,29993.61321283573,333799.65927360364
05145,0.0,0.0,29651.78681927
05147,0.0,0.0,0.0
05149,0.0,0.0,0.0
60010,1033.73701123,0.0,0.0
60020,0.0,0.0,0.0
60030,0.0,0.0,0.0
60040,0.0,0.0,0.0
60050,0.0,0.0,0.0
04001,0.0,158358.16821439998,0.0
04003,0.0,5930.720237750002,0.0
04005,20955.967494,257798.33898437853,0.0
04007,205.93093598,3637372.2606889135,0.0
04009,0.0,0.0,0.0
04011,51826.55701146001,268819.25011865003,0.0
04012,4.83665544131,2.7846489186670005,3.1146373678420005
04013,16603.848222242777,1022.98142895256,332048.66571953986
04015,125.19149412000002,36.74098197000001,33506.41477953
04017,188.9983328079,170720.37466638006,0.0
04019,1178.8865696300004,305733.50437399,168296.3770411
04021,346.99816305,3268298.7426472325,0.0
04023,0.0,0.0,71084.27467218
04025,17948.650080900003,161768.04019226073,0.0
04027,0.0,0.0,0.0
06001,301.5754231182001,2724.27577422,34243.50238078
06003,0.0,0.0,0.0
06005,0.0,0.0,0.0
06007,0.0,0.0,0.0
06009,0.0,0.0,0.0
06011,0.0,0.0,0.0
06013,301165.29687190306,39308.559225128185,10331.473411490002
06015,0.0,0.0,0.0
06017,0.0,0.0,0.0
06019,0.0,0.0,0.0
06021,0.0,0.0,0.0
06023,9671.0746722359,0.0,0.0
06025,43.99845989000001,0.0,0.0
06027,0.0,0.0,0.0
06029,664743.0790994238,1703427.2441142984,830.0740371
06031,5682.0699723634025,4386031.166590867,0.0
06033,135.6649419433,933920.83506491,0.0
06035,0.0,0.0,0.0
06037,697021.562140809,27680.683593287547,131610.27974787005
06039,0.0,7.965082017200001,0.0
06041,0.0,0.0,0.0
06043,0.0,0.0,0.0
06045,0.0,0.0,0.0
06047,0.0,0.0,0.0
06049,0.0,0.0,0.0
06051,0.0,0.0,0.0
06053,0.0,0.0,0.0
06055,0.0,0.0,0.0
06057,0.0,0.0,0.0
06059,1469.6392788000005,1156.7512619740005,10938.833594920005
06061,0.0,0.0,0.0
06063,0.0,0.0,0.0
06065,0.0,1.999344448486,0.0
06067,3047.687134030001,0.0,6073.601834300001
06069,0.0,0.0,0.0
06071,2396.78208308,134142.8137719099,0.0
06073,19334.82836362,29.937096420000003,111596.42360636
06075,8698.54087949,0.0,0.0
06077,1522.3512481177002,156.18908950105998,1661.0552589400004
06079,3208.9777769164502,0.90718474,0.0
06081,44.3114386253,0.0,8422.756718530001
06083,625.9574706000001,0.0,0.0
06085,3573.40069086,90119.1605452138,548.8467677000001
06087,0.0,82.190937444,0.0
06089,0.0,180.39368554900003,0.0
06091,0.0,0.0,0.0
06093,0.0,0.0,0.0
06095,267458.06477551704,8204.846408058302,0.0
06097,0.0,0.0,0.0
06099,851.8464708600002,0.0,0.0
06101,0.0,0.0,0.0
06103,0.0,0.0,0.0
06105,0.0,0.0,0.0
06107,0.0,0.0,0.0
06109,0.0,0.0,0.0
06111,3428.25113246,10.88621688,0.0
06113,1002.8927300700003,0.0,0.0
06115,0.0,0.0,0.0
08001,148775.8887845153,256005.7374022148,38.10175908000001
08003,1255.99727253,0.0,0.0
08005,212.1995825334,0.0,82136.50635960001
08007,0.0,0.0,0.0
08009,0.0,0.0,0.0
08011,0.0,0.0,0.0
08013,0.0,0.0,1440.60936712
08014,0.0,0.0,0.0
08015,0.0,0.0,0.0
08017,0.0,0.0,0.0
08019,0.0,0.0,0.0
08021,0.0,0.0,0.0
08023,0.0,0.0,0.0
08025,0.0,0.0,0.0
08027,0.0,0.0,0.0
08029,0.0,0.0,0.0
08031,0.0,1702.5408171002,0.0
08033,0.0,0.0,0.0
08035,0.0,0.0,0.0
08037,0.0,0.0,0.0
08039,0.0,0.0,0.0
08041,5223.56973292,88001.95465530701,25365.79251514
08043,0.0,92.53284348,0.0
08045,47783.68821764999,0.0,0.0
08047,0.0,0.0,0.0
08049,0.0,0.0,0.0
08051,0.0,0.0,0.0
08053,0.0,0.0,0.0
08055,0.0,0.0,0.0
08057,0.0,0.0,0.0
08059,0.0,2699.32819387,0.0
08061,0.0,0.0,0.0
08063,0.0,0.0,0.0
08065,0.0,0.0,0.0
08067,0.0,0.0,0.0
08069,0.0,0.0,0.0
08071,0.0,0.0,0.0
08073,0.0,0.0,0.0
08075,0.0,0.0,0.0
08077,15980.51278747,0.0,0.0
08079,0.0,0.0,0.0
08081,0.0,129308.09435355349,0.0
08083,0.0,0.0,0.0
08085,0.0,0.0,0.0
08087,0.0,0.0,0.0
08089,2064.75246824,0.0,0.0
08091,0.0,0.0,0.0
08093,0.0,0.0,0.0
08095,0.0,0.0,0.0
08097,0.0,0.0,0.0
08099,0.0,0.0,1997.16720511
08101,38260.516409499985,84284.12185309862,0.0
08103,0.0,0.0,0.0
08105,0.0,0.0,0.0
08107,0.0,0.0,0.0
08109,0.0,0.0,0.0
08111,0.0,0.0,0.0
08113,0.0,0.0,0.0
08115,0.0,0.0,0.0
08117,0.0,0.0,0.0
08119,0.0,0.0,0.0
08121,0.0,0.0,0.0
08123,791.9541343252,0.0,84691.59217981
08125,0.0,0.0,0.0
09001,6481.394982701104,22902.949239293197,417623.40224374
09003,602.9376578225001,8812.987223957069,503470.1036811447
09005,0.0,9226.74964794737,445410.01723757
09007,0.0,0.0,113560.5874306288
09009,51827.554914674016,10185.854431661706,1161020.0469836122
09011,0.0,18153.673832140004,25324.062017100005
09013,0.0,0.0,0.0
09015,0.0,2.2679618500000003,3900.894382
11001,0.0,10.496127441800002,0.0
10001,0.0,1.179340162,1135684.16434935
10003,398672.64868349367,649166.8858046263,0.0
10005,0.0,168220.17352294002,59.42060047
12001,2002.61031355,8719.295814845618,0.0
12003,0.0,0.0,0.0
12005,1501.84433707,104306.28703572,0.0
12007,0.0,0.0,0.0
12009,4938.260132190001,36740.98197,246509.76299257003
12011,62038.69027040301,56720.90940223401,47718.82450874002
12013,0.0,0.0,0.0
12015,0.0,0.0,0.0
12017,0.0,315883.99442985014,0.0
12019,0.0,0.0,786.52916958
12021,0.0,0.0,0.0
12023,0.0,0.0,0.0
12027,0.0,0.0,0.0
12029,0.0,0.0,0.0
12031,17533.613062350007,2488718.5115604573,12018.83702789
12033,0.0,298271.90988749,0.0
12035,0.0,0.0,11287.64612745
12037,0.0,0.0,0.0
12039,0.0,0.0,0.0
12041,0.0,0.0,0.0
12043,0.0,0.0,0.0
12045,0.0,0.0,0.0
12047,0.0,77531.6003319704,0.0
12049,0.0,0.0,0.0
12051,816742.5037533304,0.0,0.0
12053,0.0,2237.571161210001,0.0
12055,0.0,0.0,0.0
12057,50031.15676437341,66881.49098114175,48261.32098326
12059,0.0,0.0,0.0
12061,0.0,0.0,0.0
12063,0.0,0.0,0.0
12065,0.0,0.0,0.0
12067,0.0,0.0,0.0
12069,0.0,0.0,0.0
12071,0.0,0.0,0.0
12073,0.0,0.0,0.0
12075,0.0,0.0,0.0
12077,0.0,0.0,0.0
12079,0.0,0.0,0.0
12081,0.0,79793.1438499349,62218.81180053001
12083,0.0,1314.595872907086,0.0
12085,0.0,11411.7308561872,29750.66995593
12086,0.0,492.60131382000014,963702.8482536072
12087,0.0,0.0,0.0
12089,1134.4435892174001,6688.67308802,0.0
12091,0.0,0.0,0.0
12093,0.0,0.0,0.0
12095,0.0,7640928.580272677,0.0
12097,0.0,0.0,0.0
12099,1178110.7869708505,0.0,268538.02284924994
12101,0.0,260782.50050699,39135.949683599996
12103,0.0,118260.6027064,112910.93429462
12105,0.0,87518.52044328472,284.40241599
12107,0.0,1606793.8180863797,0.0
12109,0.0,0.0,0.0
12111,0.0,0.0,0.0
12113,0.0,8.164662660000001,0.0
12115,0.0,55392.700224399996,0.0
12117,0.0,0.0,5647.2250065
12119,0.0,0.0,0.0
12121,0.0,0.0,0.0
12123,0.0,0.0,0.0
12125,0.0,0.0,0.0
12127,0.0,10.88621688,638734.71407053
12129,1179.340162,0.0,0.0
12131,0.0,0.0,0.0
12133,0.0,0.0,0.0
13001,0.0,0.0,0.0
13003,0.0,0.0,0.0
13005,0.0,0.0,0.0
13007,0.0,0.0,0.0
13009,0.0,0.0,764710.4693982599
13011,0.0,0.0,0.0
13013,0.0,3.62873896,0.0
13015,0.0,778813.8898167288,0.0
13017,0.0,0.0,0.0
13019,0.0,0.0,13087.50065161
13021,3277.295591724,1297.2741782,24591.963931920003
13023,0.0,0.0,0.0
13025,0.0,0.0,0.0
13027,0.0,0.0,0.0
13029,0.0,0.0,0.0
13031,0.0,0.0,0.0
13033,0.0,0.49441568329999996,0.0
13035,0.0,0.0,0.0
13037,0.0,0.0,0.0
13039,0.0,0.0,0.0
13043,0.0,0.0,0.0
13045,0.0,1043.71604337,0.0
13047,0.0,0.90718474,0.0
13049,0.0,0.0,0.0
13051,2457.9535500982,171456.55508289006,20828.96163040001
13053,0.0,0.0,0.0
13055,0.0,0.0,0.0
13057,0.0,0.0,32224.56274191
13059,0.0,0.0,692259.52091527
13061,0.0,0.0,0.0
13063,0.0,0.0,0.0
13065,68.03885550000001,0.0,0.0
13067,2554.17863547,152002.88551832995,2142886.4755267203
13069,0.0,0.0,0.0
13071,0.0,0.0,7103.2565142
13073,0.0,0.0,21029.44945794
13075,0.0,0.0,0.0
13077,0.0,450455.7787614499,0.0
13079,0.0,0.0,0.0
13081,0.0,0.0,0.0
13083,0.0,0.0,0.0
13085,0.0,0.0,0.0
13087,2819.8295428842,0.0,0.0
13089,19743.51508899,3.62873896,25827.095955429995
13091,0.0,0.0,0.0
13093,0.0,0.0,0.0
13095,0.0,0.0,258.5476509
13097,3782.5067734300014,0.0,0.0
13099,1030.335068455,20302.794481200002,0.0
13101,0.0,0.0,0.0
13103,0.0,640209.7012033722,0.0
13105,0.0,0.0,0.0
13107,0.0,0.0,0.0
13109,0.0,0.0,0.0
13111,0.0,0.0,0.0
13113,0.0,0.0,0.0
13115,0.0,274431.09492029005,0.0
13117,0.0,0.0,0.0
13119,0.0,0.0,0.0
13121,7784.806265667198,20.41165665,30641.525370609994
13123,0.0,0.0,0.0
13125,0.0,0.0,0.0
13127,0.0,8724.894596187,0.0
13129,0.0,234.96084766,1838.86346798
13131,0.0,0.0,0.0
13133,0.0,0.0,0.0
13135,0.0,1.36077711,17756.78050839
13137,0.0,757.4085394260001,0.0
13139,0.0,9.0718474,0.0
13141,0.0,0.0,0.0
13143,0.0,0.0,0.0
13145,0.0,0.0,0.0
13147,0.0,0.0,0.0
13149,0.0,824759.74889308,0.0
13151,0.0,0.0,0.0
13153,263.99075934,0.0,0.0
13155,0.0,0.0,0.0
13157,0.0,0.0,144954.51368090007
13159,0.0,0.0,0.0
13161,0.0,0.0,11911.3356362
13163,0.0,0.0,277828.95536396
13165,0.0,0.0,0.0
13167,0.0,0.0,0.0
13169,0.0,0.0,0.0
13171,0.0,0.0,0.0
13173,0.0,0.0,0.0
13175,0.0,0.0,1270654.65637418
13177,0.0,0.0,0.0
13179,0.0,0.0,0.0
13181,0.0,0.0,0.0
13183,0.0,0.0,0.0
13185,0.0,2119.1835526399987,0.0
13187,0.0,0.0,0.0
13189,0.0,0.0,0.0
13191,0.0,0.0,0.0
13193,0.0,0.0,0.0
13195,0.0,0.0,0.0
13197,0.0,0.0,0.0
13199,0.0,0.0,0.0
13201,0.0,0.0,0.0
13205,311.90281419836003,0.0,0.0
13207,0.0,734024.9455677602,0.0
13209,0.0,0.0,0.0
13211,0.0,0.0,71676.41229567281
13213,0.0,0.0,0.0
13215,159926.69062985998,4.848902435299999,175167.39426186006
13217,0.0,0.0,0.0
13219,0.0,0.0,0.0
13221,0.0,0.0,0.0
13223,0.0,0.0,0.0
13225,0.0,0.0,0.0
13227,0.0,0.0,0.0
13229,0.0,0.0,0.0
13231,0.0,0.0,0.0
13233,0.0,0.0,38318.57623286
13235,0.0,0.0,0.0
13237,0.0,579391.2243034301,0.0
13239,0.0,0.0,0.0
13241,0.0,0.0,0.0
13243,0.0,0.0,0.0
13245,1913489.0199313962,5065.565366754199,1518.62725476
13247,0.0,0.0,0.0
13249,0.0,0.0,0.0
13251,0.0,0.0,13290.256441
13253,0.0,0.0,0.0
13255,0.0,0.0,0.0
13257,0.0,539.0491725080001,0.0
13259,0.0,0.0,0.0
13261,0.0,0.0,0.0
13263,0.0,0.0,0.0
13265,0.0,0.0,0.0
13267,0.0,0.0,0.0
13269,0.0,0.0,0.0
13271,0.0,0.0,0.0
13273,0.0,0.0,0.0
13275,0.0,0.0,0.0
13277,0.0,136.07771100000002,278596.433654
13279,0.0,0.0,0.0
13281,0.0,0.0,0.0
13283,0.0,0.0,0.0
13285,1052.3342983999999,0.0,115832.97634216
13287,0.0,0.0,0.0
13289,0.0,0.0,0.0
13291,0.0,0.0,0.0
13293,0.0,0.0,0.0
13295,0.0,683.7542103854,0.0
13297,0.0,38.10175908,0.0
13299,0.0,0.0,0.0
13301,0.0,0.0,0.0
13303,0.0,0.0,56287.63797041
13305,0.0,20938.005236148,0.0
13307,0.0,0.0,0.0
13309,0.0,0.0,0.0
13311,0.0,0.0,0.0
13313,0.0,0.0,2697.51382439
13315,0.0,0.0,0.0
13317,0.0,0.0,0.0
13319,0.0,0.0,0.0
13321,0.0,0.0,0.0
66010,25545.823326793005,0.0,0.0
15001,8599.1315756808,0.0,0.0
15003,326649.5014498664,411379.8093870828,0.0
15005,0.0,0.0,0.0
15007,689.0068100300001,0.0,0.0
15009,698.0786574299998,0.0,0.0
19001,0.0,0.0,0.0
19003,0.0,0.0,0.0
19005,0.0,0.0,0.0
19007,0.0,0.0,0.0
19009,0.0,0.0,0.0
19011,0.0,0.0,0.0
19013,200989.95429359004,13.6077711,122176.01204424
19015,0.0,0.0,0.0
19017,0.0,0.0,0.0
19019,0.0,0.0,0.0
19021,169.64354638000003,0.0,0.0
19023,0.0,0.0,0.0
19025,0.0,0.0,0.0
19027,0.0,0.0,0.0
19029,0.0,0.0,9616.158244
19031,0.0,0.0,0.0
19033,0.0,1033.328778097,4989.5160700000015
19035,0.0,0.0,0.0
19037,0.0,0.0,0.0
19039,0.0,0.0,0.0
19041,0.0,0.0,0.0
19043,0.0,0.0,0.0
19045,266617.9527392689,618.69999268,0.0
19047,84.73513704733001,0.0,0.0
19049,0.0,0.0,0.0
19051,0.0,0.0,0.0
19053,0.0,0.0,0.0
19055,0.0,0.0,0.0
19057,0.0,0.0,19185.59647389
19059,0.0,0.0,0.0
19061,1482.3398651600005,1.36077711,55761.92441358
19063,0.0,0.0,0.0
19065,0.0,0.0,0.0
19067,232.81535574990002,0.0,0.0
19069,0.0,0.0,0.0
19071,0.0,0.0,0.0
19073,0.0,0.0,0.0
19075,0.0,0.0,0.0
19077,0.0,0.0,0.0
19079,0.0,25854.76509,0.0
19081,0.0,14.560315077000002,0.0
19083,0.0,0.0,0.0
19085,0.0,0.0,0.0
19087,0.0,0.0,0.0
19089,0.0,0.0,0.0
19091,0.0,0.0,0.0
19093,0.0,0.0,0.0
19095,0.0,0.0,0.0
19097,0.0,0.0,0.0
19099,0.0,1120.3731539,0.0
19101,0.0,43194.4764860224,0.0
19103,0.0,0.0,0.0
19105,0.0,0.0,0.0
19107,0.0,0.0,0.0
19109,8.61825503,0.0,0.0
19111,1511.36977684,26606.376718937398,161971.03144145
19113,15816.266990293003,15514.132289778396,0.0
19115,0.0,70519.55217153,0.0
19117,0.0,0.0,0.0
19119,0.0,0.0,0.0
19121,0.0,0.0,0.0
19123,0.0,20.6611324535,0.0
19125,7299.639330791501,0.0,0.0
19127,0.0,579.23745649,0.0
19129,0.0,0.0,0.0
19131,28.57631931,0.0,0.0
19133,0.0,0.0,0.0
19135,0.0,0.0,0.0
19137,0.0,0.0,0.0
19139,2281.2702501358,8014.523585530002,0.0
19141,193.23034962,0.0,0.0
19143,7.71107029,0.0,0.0
19145,0.0,0.0,0.0
19147,0.0,0.0,0.0
19149,0.0,0.0,0.0
19151,0.0,0.0,0.0
19153,0.0,58.46805649300001,16981.837902309282
19155,459.24957403864005,246138.72443391,558.8257998400002
19157,0.0,0.0,0.0
19159,0.0,0.0,0.0
19161,0.0,0.0,0.0
19163,0.0,215582.74204835828,56654.59419774001
19165,0.0,0.0,0.0
19167,1048.70555944,0.0,0.0
19169,2327.83604284,0.0,0.0
19171,0.0,0.0,0.0
19173,0.0,0.0,0.0
19175,0.0,0.0,10205.828325
19177,0.0,0.0,0.0
19179,0.0,3092.13918629,0.0
19181,0.0,0.0,0.0
19183,0.0,0.0,82264.41940794
19185,0.0,0.0,0.0
19187,196.85908858,81.64662659999999,0.0
19189,0.0,0.0,0.0
19191,0.0,0.0,0.0
19193,0.0,150374.9425024,0.0
19195,413.67624144,0.0,0.0
19197,0.0,0.0,0.0
16001,23325.08044251001,0.0,0.0
16003,0.0,0.0,0.0
16005,0.0,401.42924745000005,0.0
16007,0.0,0.0,0.0
16009,0.0,0.0,0.0
16011,0.0,0.0,0.0
16013,0.0,0.0,0.0
16015,0.0,0.0,0.0
16017,0.0,0.0,0.0
16019,0.0,0.0,0.0
16021,0.0,0.0,0.0
16023,1143.0210209341,0.0,0.0
16025,0.0,0.0,0.0
16027,0.0,0.0,0.0
16029,0.0,795714.7430197836,0.0
16031,0.0,0.0,0.0
16033,0.0,0.0,0.0
16035,0.0,0.0,0.0
16037,0.0,0.0,0.0
16039,0.0,0.0,0.0
16041,0.0,0.0,0.0
16043,0.0,0.0,0.0
16045,0.0,0.0,0.0
16047,0.0,0.0,0.0
16049,0.0,0.0,0.0
16051,0.0,0.0,0.0
16053,0.0,0.0,0.0
16055,0.0,0.0,5625.452572740001
16057,0.0,0.0,0.0
16059,0.0,0.0,0.0
16061,0.0,0.0,0.0
16063,0.0,0.0,0.0
16065,0.0,0.0,0.0
16067,0.0,0.0,0.0
16069,346.54457068,149.15115028814,0.0
16071,0.0,0.0,0.0
16073,0.0,132584.59615863,0.0
16075,0.0,0.0,0.0
16077,0.0,639459.9855905415,0.0
16079,0.0,0.0,0.0
16081,0.0,0.0,0.0
16083,0.0,0.0,0.0
16085,0.0,0.0,0.0
16087,0.0,0.0,0.0
17001,0.0,1505.8041984601,0.0
17003,0.0,0.0,0.0
17005,0.0,0.0,0.0
17007,5007.650692952599,6994.847937770001,53886.77355599999
17009,0.0,0.0,0.0
17011,0.0,16329.325319999998,632125.87323963
17013,0.0,0.0,0.0
17015,0.0,0.0,0.0
17017,0.0,0.0,0.0
17019,7519.65430986,935.1895329238,0.0
17021,0.0,39953.277775102986,0.0
17023,0.0,0.0,0.0
17025,0.0,0.0,0.0
17027,0.0,0.0,0.0
17029,0.0,0.0,180663.11941678
17031,897434.7221116895,47376.44255523949,10812894.117910022
17033,352979.23204082,72171.24074802951,0.0
17035,0.0,0.0,4456.998627620002
17037,0.0,1358.05555578,38457.37549808
17039,0.0,0.0,0.0
17041,81041.53437842001,6.35029318,0.0
17043,195.95190384000003,1141.2384029200002,1063600.9885599562
17045,0.0,344.73020120000007,0.0
17047,0.0,0.0,0.0
17049,0.0,0.0,64941.72679764
17051,0.0,0.0,0.0
17053,239.51491505479999,0.0,0.0
17055,0.0,0.0,0.0
17057,0.0,151130.62739082,0.0
17059,0.0,0.0,0.0
17061,0.0,0.0,0.0
17063,161178.47266849564,5377.116964380471,0.0
17065,0.0,0.0,0.0
17067,0.0,0.0,0.0
17069,0.0,0.0,0.0
17071,0.0,0.0,0.0
17073,0.0,49.89516070000001,0.0
17075,0.0,0.0,10877.1450326
17077,0.0,0.0,1866.98619492
17079,0.0,89049.25407840002,0.0
17081,0.0,0.0,0.0
17083,0.0,0.0,0.0
17085,0.0,19.050879540000004,0.0
17087,0.0,0.0,0.0
17089,0.0,3.17514659,414959.4542547301
17091,0.0,235.5142303514,532.51744238
17093,0.0,862.7326877400002,855047.9258074602
17095,0.0,0.0,0.0
17097,0.0,708.51128194,617409.5223873502
17099,0.0,303.45329553000005,0.0
17101,147875.19495133,0.0,0.0
17103,0.0,18.1436948,0.0
17105,0.0,139.52501301200002,0.0
17107,0.0,64590.64630326,25740.00622039
17109,0.0,55798.21180318001,0.0
17111,0.0,0.05669904625,520675.95996877993
17113,773.82858322,2.2679618500000003,14537.6354585
17115,51215.83117264461,2777.9224613345586,313029.03869383305
17117,0.0,0.0,0.0
17119,3218371.03941624,76508.5000618169,0.0
17121,0.0,0.0,0.0
17123,0.0,0.0,0.0
17125,0.0,14684.59938638,0.0
17127,0.0,72496.30771999,0.0
17129,0.0,0.0,0.0
17131,0.0,0.0,0.0
17133,0.0,0.0,0.0
17135,0.0,343081.39293505,0.0
17137,0.0,38438.32461854001,0.0
17139,0.0,0.0,0.0
17141,700.8637145818,1041.6748777050002,1224055.7514269704
17143,9179.34879169,647552.9600947393,15806.33331739
17145,0.0,0.0,0.0
17147,0.0,0.0,0.0
17149,0.0,0.0,0.0
17151,0.0,0.0,0.0
17153,0.0,0.0,0.0
17155,1612.294079165,7489.8986503880005,0.0
17157,0.0,284683.5997145325,44526.44140868
17159,0.0,166.92199216,0.0
17161,16329.325319999998,1538.58531904,11675.467603799998
17163,351515.9287227245,597.38115129,917133.8350435802
17165,0.0,0.0,0.0
17167,0.0,8732.56030724,16910.83073834
17169,0.0,8786.99139164,0.0
17171,0.0,0.0,0.0
17173,0.0,0.0,0.0
17175,0.0,0.0,10700.69760067
17177,0.0,280.90975474100003,129664.82207294
17179,70.76040972000001,3493.160200607,57920.11691004001
17181,0.0,0.0,0.0
17183,103632.24877390002,14580.72673365,261580.36948582
17185,0.0,7547.822396037,0.0
17187,0.0,0.0,0.0
17189,0.0,1645033.5871808762,0.0
17191,0.0,0.0,0.0
17193,0.0,0.0,0.0
17195,0.0,1592.5628110700004,921962.7794146
17197,479435.28272137186,57081.8464588141,237032.902965397
17199,0.0,0.0,0.0
17201,5937.97771567,7670.700569070002,1798200.930495547
17203,0.0,0.0,0.0
18001,0.0,3903.615936220001,1222767.0955038
18003,34687.569311010004,9767.367796463199,1832387.07612114
18005,0.0,0.0,683.56370159
18007,0.0,0.0,0.0
18009,0.0,0.0,0.0
18011,0.0,0.0,35600.19715945
18013,0.0,0.0,0.0
18015,0.0,2.2679618500000003,0.0
18017,39.008943820000034,20992.70847597,80644.64105466996
18019,181.436948,211.37404442,11743.506459299999
18021,0.0,29.02991168,0.0
18023,0.0,0.0,5676.70851055
18025,0.0,0.0,0.0
18027,1366.22021844,81113.4650564546,0.0
18029,0.0,353620.1580596301,117375.21307977849
18031,521.6312255,21375.525014109422,503448.52175618
18033,0.0,3311.67789337,78562.19848400001
18035,2722.91499711,0.45359237,43490.4364356
18037,0.0,0.0,0.0
18039,0.0,1574.645912455,1110232.18928391
18041,0.0,0.0,5051963.4923550105
18043,0.0,8930.78017293,0.0
18045,0.0,35406.848875813805,0.0
18047,0.0,0.0,0.0
18049,0.0,0.0,0.0
18051,788.933209141,4261637.890715822,64365.21089537
18053,321.00732024900003,0.0,249618.23150418003
18055,0.0,0.0,0.0
18057,1480.52549568,0.0,5034.875307
18059,0.0,181.89054037,0.0
18061,0.0,0.0,6146910.834397472
18063,1316.7786501100004,392.74748948820013,0.0
18065,0.0,194261.81866938,0.0
18067,0.0,0.0,482020.81819738005
18069,1427.00159602,0.0,308690.47303402
18071,0.0,39.91612856,0.0
18073,111.58372302,790524.4111749602,0.0
18075,0.0,0.0,2958.78302951
18077,0.0,370379.03535402,0.0
18079,0.0,702.4195364108999,0.0
18081,0.0,1852.1174370314002,0.0
18083,0.0,5568.75352649,0.0
18085,0.0,0.5216312255000001,248947.82198132
18087,0.0,0.0,0.0
18089,4580825.371160839,900974.6693673584,72314.87077199
18091,45567.43589783,9353.012527245313,11202.82435426
18093,0.0,0.45359237,140661.26189885
18095,0.0090718474,15294.22753166,114747.98339312
18097,683516.98157589,222361.49858106032,377875.6925307211
18099,0.0,586.9485267800002,99694.61340993
18101,0.0,0.0,0.0
18103,1.81436948,0.0,0.0
18105,0.0,0.0,54206.10258448
18107,159.66451424000005,2360.8938547656007,808891.7270133701
18109,0.0,36698.79787959,0.0
18111,0.0,0.0,0.0
18113,0.0,18.1436948,147770.86870623
18115,0.0,0.0,0.0
18117,0.0,0.0,0.0
18119,0.0,0.0,0.0
18121,0.0,0.0,0.0
18123,391790.4095875001,0.0,0.0
18125,0.0,664327.5477105499,0.0
18127,1121573.35931102,219322.85994789496,8382.3869976
18129,97431.12579506768,473162.249929754,0.0
18131,0.0,0.0,0.0
18133,324.54534073500014,2756.072599357,3260.875547930001
18135,0.0,0.0,0.0
18137,0.0,0.0,17431.554779100006
18139,0.0,0.0,0.0
18141,347849.92787423346,5737.5307114433,101841.01250477
18143,0.0,0.0,0.0
18145,0.0,0.0,60626.70258183001
18147,0.0,722870.20200472,0.0
18149,0.0,0.0,0.0
18151,0.0,234.05366292,175564.74117798
18153,0.0,1275417.7482049237,0.0
18155,0.0,0.0,0.0
18157,0.0,1.36077711,786408.51400958
18159,0.0,0.0,26169.55819478
18161,0.0,0.0,0.0
18163,395.53254664,5460.987599729819,51328.96618157
18165,0.0,1272425.02739429,0.0
18167,17686.47369104,513494.93957866717,164086.58625513
18169,1766.7422811500005,708.96487431,665786.05583259
18171,0.0,0.0,0.0
18173,0.0,1475998.915982822,0.0
18175,0.0,0.0,0.0
18177,0.0,592.3916352200002,1379365.77891497
18179,10.43262451,7.25747792,0.0
18181,261.72279749,0.0,0.0
18183,0.0,931.2251356100003,531970.40998178
20001,0.0,0.0,14514.95584
20003,238.58958662,0.0,0.0
20005,0.0,0.0,0.0
20007,0.0,0.0,0.0
20009,0.0,5.8967008100000005,0.0
20011,0.0,8889.503267260001,0.0
20013,0.0,0.0,0.0
20015,737333.9019069105,2601.3522419500005,841.8674387200001
20017,0.0,0.0,0.0
20019,0.0,0.0,0.0
20021,0.0,35218.954858989906,0.0
20023,0.0,0.0,0.0
20025,0.0,0.0,0.0
20027,0.0,0.0,0.0
20029,0.0,45.359237,0.0
20031,0.0,0.0,0.0
20033,0.0,0.0,0.0
20035,65601.70369599,1454.67073059,76529.19748166
20037,0.0,0.0,0.0
20039,0.0,0.0,0.0
20041,0.0,0.0,0.0
20043,0.0,0.0,0.0
20045,0.0,81.64662659999999,0.0
20047,0.0,0.0,0.0
20049,0.0,0.0,0.0
20051,0.0,0.0,0.0
20053,0.0,0.0,0.0
20055,0.0,26710.24029982,0.0
20057,0.0,3.17514659,0.0
20059,0.0,0.0,0.0
20061,0.0,0.0,0.0
20063,0.0,0.0,0.0
20065,0.0,0.0,0.0
20067,0.0,0.0,0.0
20069,0.0,0.0,0.0
20071,0.0,0.0,0.0
20073,0.0,0.0,0.0
20075,0.0,0.0,0.0
20077,0.0,0.0,0.0
20079,0.0,0.0,0.0
20081,0.0,0.0,0.0
20083,0.0,0.0,0.0
20085,0.0,0.0,0.0
20087,0.0,0.0,0.0
20089,0.0,0.0,0.0
20091,0.0,0.0,27442.338385000003
20093,0.0,0.0,0.0
20095,0.0,0.0,0.0
20097,0.0,0.0,0.0
20099,0.0,1.7281869297,258.09405853
20101,0.0,0.0,0.0
20103,0.0,0.0,0.0
20105,0.0,0.0,0.0
20107,0.0,250224.7026465648,0.0
20109,0.0,0.0,0.0
20111,0.0,0.0,0.0
20113,309558.87562638504,3020.653028777999,0.0
20115,0.0,0.0,0.0
20117,0.0,0.0,0.0
20119,0.0,0.0,0.0
20121,0.0,0.0,0.0
20123,0.0,0.0,0.0
20125,438508.60932802,209.10608257,13.6077711
20127,0.0,0.0,0.0
20129,0.0,0.0,0.0
20131,0.0,0.0,0.0
20133,49.414352787800006,29881.7037197756,50.99285423540001
20135,0.0,0.0,0.0
20137,0.0,0.0,0.0
20139,0.0,0.0,0.0
20141,0.0,0.0,0.0
20143,0.0,0.0,0.0
20145,0.0,0.0,0.0
20147,61748.43651284,0.0,0.0
20149,0.0,159922.15470616,0.0
20151,0.0,0.0,0.0
20153,0.0,0.0,0.0
20155,0.0,0.0,282624.78749197
20157,0.0,0.0,0.0
20159,0.0,0.0,0.0
20161,0.0,0.0,0.0
20163,0.0,0.0,0.0
20165,0.0,0.0,0.0
20167,0.0,0.0,0.0
20169,0.0,0.0,0.0
20171,0.0,0.0,0.0
20173,35709.90301005821,15843.39362838848,8498757.027308242
20175,0.0,0.0,0.0
20177,0.0,0.0,6601.58335298
20179,0.0,0.0,0.0
20181,0.0,0.0,0.0
20183,0.0,0.0,0.0
20185,0.0,0.0,0.0
20187,0.0,0.0,0.0
20189,0.0,0.0,0.0
20191,0.0,0.0,0.0
20193,0.0,0.0,0.0
20195,0.0,0.0,0.0
20197,0.0,0.0,0.0
20199,0.0,0.0,0.0
20201,0.0,0.0,0.0
20203,0.0,0.0,0.0
20205,6618.9831562931995,11947.024283871602,551.659040394
20207,0.0,0.0,0.0
20209,25869.892395539493,0.0,22456.45105396
21001,0.0,0.0,0.0
21003,0.0,0.0,0.0
21005,0.0,49.305490619,28054.234492130006
21007,0.0,0.0,0.0
21009,0.0,0.0,0.0
21011,0.0,0.0,0.0
21013,0.0,0.0,0.0
21015,0.0,743324.2967568573,0.0
21017,0.0,0.11793401620000002,619.7886143680001
21019,1262663.7195918895,12150.605611375002,121.56275516000002
21021,51.84560789100001,265.35153645,0.0
21023,0.0,0.0,0.0
21025,0.0,0.0,0.0
21027,0.0,0.0,0.0
21029,401.42924745000005,0.0,11.79340162
21031,0.0,0.0,0.0
21033,0.0,0.0,0.0
21035,0.0,21.77243376,0.0
21037,0.0,81.64662659999999,487448.9580891702
21039,0.0,0.0,0.0
21041,61577.47029110907,1871489.9725287384,0.0
21043,0.0,0.0,0.0
21045,0.0,0.0,0.0
21047,247.20784165000006,0.0,55.33826914
21049,0.0,70480.724664658,0.0
21051,0.0,0.0,0.0
21053,0.0,0.0,0.0
21055,0.0,0.0,11793.40162
21057,0.0,0.0,0.0
21059,0.0,25073.67902886,11032.27362314
21061,0.0,0.0,0.0
21063,0.0,0.0,0.0
21065,0.0,0.0,0.0
21067,4779.530018232201,278.95930755,39553.254664
21069,0.0,0.0,0.0
21071,531.2519196676999,0.0,0.0
21073,0.0,0.0,1360.77711
21075,0.0,0.0,0.0
21077,0.0,103.41906036,0.0
21079,0.0,0.0,0.0
21081,0.0,0.0,0.0
21083,0.0,0.0,0.0
21085,0.0,0.0,0.0
21087,0.0,0.0,0.0
21089,0.0,0.0,0.0
21091,13627.27557191,167073.03841921006,0.0
21093,0.0,295.74222523999987,118246.9949353
21095,0.0,0.0,0.0
21097,0.0,0.0,2713.38955734
21099,0.0,365.5727706015,0.0
21101,0.0,1114537.094960711,0.0
21103,0.0,0.0,64.86370891
21105,0.0,0.0,0.0
21107,0.0,1521.80240135,82470.35034392
21109,0.0,0.0,0.0
21111,22414.176245076,1214218.7889531779,117.9340162
21113,0.0,34.894861024099995,48543.90902977
21115,0.0,0.0,0.0
21117,4325.00324795,465.7032862790001,0.0
21119,0.0,0.0,0.0
21121,0.0,2345.97973764,0.0
21123,0.0,0.0,0.0
21125,0.0,34.47302012,16356.540862200005
21127,0.0,477239.50102521,0.0
21129,0.0,0.0,0.0
21131,0.0,0.0,0.0
21133,0.0,0.0,0.0
21135,0.0,0.0,0.0
21137,0.0,0.0,0.0
21139,0.0,0.0,0.0
21141,0.0,0.0,88369.77270814002
21143,0.0,0.0,0.0
21145,115.66605435,168914.3739656065,160769.46525332006
21147,0.0,0.0,0.0
21149,0.0,0.0,0.0
21151,0.0,0.45359237,610620.6053855601
21153,0.0,0.0,0.0
21155,0.0,0.45359237,0.0
21157,462008.6176680207,75823.22631699202,34136.731272805715
21159,0.0,0.0,0.0
21161,0.0,805347.4333448929,0.0
21163,23097.830665140005,0.0,0.0
21165,0.0,0.0,0.0
21167,0.0,454041.562524011,633141.01296369
21169,0.0,0.0,0.0
21171,0.0,0.0,0.0
21173,0.0,0.0,0.0
21175,0.0,0.0,0.0
21177,0.0,965565.2531655901,0.0
21179,0.0,0.0,0.0
21181,0.0,0.0,0.0
21183,0.0,503502.95284058,0.0
21185,0.0,0.0,0.0
21187,0.0,0.0,0.0
21189,0.0,0.0,0.0
21191,0.0,0.0,0.0
21193,0.0,0.0,0.0
21195,0.0,0.0,0.0
21197,0.0,0.0,0.0
21199,26493.28706924901,94779.48648861,0.0
21201,0.0,0.0,0.0
21203,0.0,0.0,0.0
21205,0.0,858.4769480469494,0.0
21207,0.0,0.0,0.0
21209,6261.588656122799,1290.124020234742,0.0
21211,0.0,0.0,229154.86532400013
21213,16.78291769,0.90718474,358891.35499140003
21215,0.0,0.0,0.0
21217,0.0,0.0,0.0
21219,0.0,0.0,0.0
21221,0.0,0.0,0.0
21223,0.0,479133.18113110453,0.0
21225,0.0,0.0,436219.78222900006
21227,29094.77538891,128.4029280996,321958.5034488901
21229,0.0,0.0,0.0
21231,0.0,0.0,0.0
21233,0.0,0.0,0.0
21235,0.0,0.0,0.0
21237,0.0,0.0,0.0
21239,0.0,0.0,3628.73896
22001,13721.1691925,0.0,0.0
22003,0.0,0.0,0.0
22005,1973033.2878251532,80518.12960675331,16214.318335363614
22007,42116.50514687,2.72155422,0.0
22009,2470.264047020001,0.0,0.0
22011,3552.08184947,889.0410452000001,0.0
22013,0.0,6.80388555,0.0
22015,0.0,0.0,0.0
22017,112890.06904560002,5546.52750036,112181.55776366002
22019,2345320.6134953056,4068919.193289181,775392.1161193899
22021,0.0,0.0,0.0
22023,401.88283982,0.0,0.0
22025,0.0,0.0,0.0
22027,5528.38380556,0.0,0.0
22029,0.0,0.0,0.0
22031,0.0,236263.56494664,0.0
22033,1782346.616404054,105784.82035371098,152331.0777417198
22035,0.0,0.0,0.0
22037,0.0,0.0,0.0
22039,0.0,0.0,0.0
22041,0.0,0.0,0.0
22043,0.0,0.0,0.0
22045,87.08973504000002,0.0,0.0
22047,1554346.551668041,7973.455332350199,209950.1408598671
22049,0.0,0.0,0.0
22051,3164.713965490001,69465.85709602003,5604.13373135
22053,138.2413466049,0.0,0.0
22055,0.0,1681.376197116,0.0
22057,0.0,0.0,0.0
22059,61.68856232,0.0,0.0
22061,7440.72923748,0.0,0.0
22063,0.0,0.0,0.0
22065,0.0,0.0,0.0
22067,0.0,0.0,0.0
22069,0.0,5694.398612980001,0.0
22071,0.0,0.0,653379.8509207199
22073,0.0,88.45051215000002,0.0
22075,1463300.1693934747,62288.97346832161,0.0
22077,0.0,188867.24461297,0.0
22079,0.0,127130.14790938002,0.0
22081,581.05182597,0.0,0.0
22083,0.0,0.7982318527260001,0.0
22085,0.0,0.0,0.0
22087,755666.6766863443,14324.936924359605,0.0
22089,1630853.6294002628,16981.9494860323,0.0
22091,0.0,0.0,0.0
22093,407544.5888541874,44720.68961957828,0.0
22095,200551.7840641701,5004.938210580001,0.0
22097,134701.05815705002,176.44743193,0.0
22099,0.0,20.5522702847,0.0
22101,3015.02848339,0.45359237,1394.3429453800004
22103,635.029318,0.0,0.0
22105,0.0,0.0,0.0
22107,0.0,0.0,0.0
22109,0.0,0.0,0.0
22111,0.0,0.0,0.0
22113,1120.3731538999998,0.0,0.0
22115,0.0,0.0,0.0
22117,0.0,381.01759080000005,0.0
22119,88726.29631096002,25.40117272,5238.9918735
22121,76973.96748006351,2428.98714135,0.0
22123,0.0,0.0,0.0
22125,0.0,0.0,0.0
22127,0.0,0.0,0.0
25001,0.0,122374.23190993002,0.0
25003,75.74992579,0.0,233458.09613819
25005,0.0,74303.73723672901,3369229.6479163636
25007,504.39471544000014,0.0,0.0
25009,0.0,10799.58073733,283967.42090717005
25011,0.0,0.0,16454.51681412
25013,2335.665047146201,0.0,230061.77790857802
25015,4.5359237000000014,0.0,398.25410086
25017,7032.0425121100025,1651.575178407,635581.3399142902
25019,0.0,0.0,0.0
25021,7266.282782931017,0.45359237,108939.73309527
25023,0.0,0.0,451608.44769209396
25025,73672.39879984368,9639.29145487,513164.0167292101
25027,0.0,426.9664978810001,482711.9995292318
24001,0.0,83206.2994283213,0.0
24003,4035.61131589,88939.8838861456,0.0
24005,203616.25411589,265009.6910962732,299.3709642
24009,0.0,0.0,0.0
24011,0.0,0.0,0.0
24013,0.0,0.0,0.0
24015,0.0,0.90718474,0.0
24017,0.0,12196.64523693,0.0
24019,0.0,0.0,70852.94256348001
24021,0.0,1179.340162,0.0
24023,0.0,65567.18531663301,135572.40909981998
24025,0.0,0.0,0.0
24027,0.0,0.0,10886.21688
24029,0.0,0.0,0.0
24031,0.0,1377.10643532,0.0
24033,0.0,43240.942488405184,0.0
24035,0.0,0.0,0.0
24037,0.0,0.0,0.0
24039,0.0,0.0,0.0
24041,0.0,0.0,0.0
24043,0.0,17.1956867467,0.0
24045,0.0,0.0,1200729.7637997204
24047,0.0,0.0,0.0
24510,196500.7422616004,208293.06360601203,153099.21827662006
23001,0.0,18.1436948,0.0
23003,0.0,0.0,0.0
23005,25894.532122747984,101.9721006997,0.0
23007,0.0,9062.7755526,0.0
23009,0.0,0.0,0.0
23011,0.0,0.0,0.0
23013,0.0,57.42297967252001,0.0
23015,0.0,0.0,63119.64624735
23017,0.0,1717.30071282,0.0
23019,1.81436948,0.0,5600.5049923900015
23021,0.0,0.0,0.0
23023,0.0,0.0,0.0
23025,0.0,10829.97142612,0.0
23027,1563.691729747872,0.0,0.0
23029,0.0,0.0,0.0
23031,0.0,653.62660517,172554.24861828994
26001,0.0,0.0,0.0
26003,0.0,0.0,0.0
26005,0.0,121.30770017034901,10050.69973446
26007,330195.468732668,3732.15802036,336.11194617000007
26009,0.0,0.0,90396.4234173
26011,0.0,0.0,0.0
26013,0.0,0.0,0.0
26015,2.72155422,2284.74476769,41118.148340499996
26017,3007.3174130999996,218059.85987608894,0.0
26019,0.0,0.0,0.0
26021,7139.090311430001,19.050879540000007,117579.30696666
26023,0.0,32.658650640000005,0.0
26025,0.0,1230.9589737059998,342123.40584961005
26027,14317.18956668,0.0,12084.60792154
26029,0.0,4.9895160700000005,4375.805593390001
26031,0.0,0.0,46810.73258400001
26033,0.0,0.0,0.0
26035,0.0,0.0,0.0
26037,2202.64454872,560.050499239,1104577.25320712
26039,0.0,0.0,0.0
26041,154232.74560925,0.0,0.0
26043,0.0,0.0,0.0
26045,6966.72521083,0.0,0.0
26047,0.0,0.0,0.0
26049,35666.87523784002,9563.269373657995,19193.307544180007
26051,0.0,0.0,0.0
26053,0.0,0.0,0.0
26055,0.0,0.0,0.0
26057,34340.571147960014,5126.954558110001,0.0
26059,0.0,0.0,149562.10497536
26061,0.0,0.0,0.0
26063,0.0,0.0,0.0
26065,9126.73207677,10.886216880000005,18477.53878432
26067,0.0,8.4731054716,0.0
26069,0.0,5045.3079315099985,0.0
26071,0.0,0.0,0.0
26073,0.0,0.0,19232.316488000004
26075,2851.7352301900005,1880.2945950557998,116763.29429303002
26077,0.0,19.050879540000004,20418.91412792
26079,0.0,0.0,0.0
26081,0.0,2569.7822129980004,2746761.708778011
26083,0.0,0.0,0.0
26085,0.0,0.0,0.0
26087,0.0,0.045359237,0.0
26089,0.0,0.0,0.0
26091,9.9744962163,0.0,66702.38640510831
26093,0.0,0.0,104743.41853861269
26095,0.0,0.0,0.0
26097,0.0,0.0,0.0
26099,7793.617342813684,4130.041536253711,383973.65227529
26101,42081.1738029801,122.5107632133,0.0
26103,0.0,16487440.04518942,0.0
26105,0.0,0.0,0.0
26107,0.0,0.0,0.0
26109,0.0,0.0,3295.8021604200007
26111,218120.32373900988,0.0,5.4431084400000005
26113,0.0,0.0,0.0
26115,948606.7952284002,1227028.7273617373,123793.97602803
26117,0.0,1.36077711,7911.55811754
26119,0.0,0.0,0.0
26121,6793.452925490001,43.608370451800006,650740.4345678568
26123,0.0,0.0,613.25688424
26125,23521.939531089996,31724.254893723704,956713.39806504
26127,0.0,0.0,0.0
26129,0.0,84.49427949886001,0.0
26131,179085.97874629003,360.1523417800001,0.0
26133,0.0,0.0,0.0
26135,0.0,0.0,0.0
26137,0.0,0.0,0.0
26139,38546.73319497,345968.50837009994,65382.16498891
26141,0.0,0.0,0.0
26143,0.0,0.0,0.0
26145,234181.57596834004,4961.39334306,170550.73112
26147,0.0,283669.59215702803,17257.37530902
26149,0.0,114.86773177879999,25006.7015795058
26151,0.0,0.0,0.0
26153,0.0,0.0,0.0
26155,2157.00907396667,0.0,193512.03048177
26157,129.72741782,0.0,0.0
26159,0.0,53.52389966000001,24493.98798
26161,33210.67255429,781.99324588,303107.65814406
26163,1765622.6931191334,5604058.212597563,1951625.3563577617
26165,0.0,141.2577358654,286459.00379558
27001,0.0,0.0,0.0
27003,0.0,330.2152453600001,342441.3741009801
27005,0.0,0.0,0.0
27007,0.0,0.0,0.0
27009,0.0,0.0,35579.785502800005
27011,0.0,0.0,0.0
27013,0.0,23.5459799267,0.0
27015,0.0,0.6350293180000001,0.0
27017,0.0,0.0,0.0
27019,0.0,286.53430012900003,31961.47916731
27021,0.0,0.0,0.0
27023,78.92507238,0.0,0.0
27025,0.0,1.9867345806,0.0
27027,267.61949830000003,0.0,0.0
27029,0.0,0.0,0.0
27031,0.0,0.0,0.0
27033,0.0,0.0,0.0
27035,0.0,1639.9223904216992,30571.67214563
27037,731996.7526445424,25670.152995410004,12383.071701
27039,4.5359237000000014,0.0,0.0
27041,0.0,0.0,0.0
27043,141758.95543425,0.0,0.0
27045,67.358466945,0.0,0.0
27047,0.0,0.0,1904.63436163
27049,0.0,2410.3989260273997,0.0
27051,0.0,0.0,0.0
27053,58.05982336,15352.916941229561,2398223.14603949
27055,0.0,0.0,0.0
27057,0.0,0.0,0.0
27059,0.0,949.82242278,0.0
27061,0.0,47452.56578755,0.0
27063,0.0,311.15529397259996,0.0
27065,0.0,0.0,0.0
27067,3708.11762475,0.0,0.0
27069,0.0,0.0,0.0
27071,0.0,0.0,0.0
27073,0.0,0.0,0.0
27075,0.0,0.0,0.0
27077,0.0,0.0,0.0
27079,0.0,0.0,67688.22859799
27081,0.0,0.0,0.0
27083,28.57631931,0.0,0.0
27085,0.0,0.0,73120.90441348
27087,0.0,0.0,0.0
27089,0.0,0.0,0.0
27091,867.7222038099999,0.0,23779.12640488
27093,0.0,3852.35999841,0.0
27095,0.0,0.0,0.0
27097,269.43386778,0.0,0.0
27099,0.0,0.0,0.0
27101,0.0,0.0,0.0
27103,0.0,0.0,0.0
27105,0.0,0.0,0.0
27107,0.0,0.0,0.0
27109,0.0,191.41598014,0.0
27111,53.52389966000001,0.0,0.0
27113,0.0,0.0,0.0
27115,0.0,0.0,0.0
27117,0.0,0.0,0.0
27119,0.0,0.0,0.0
27121,0.0,0.0,0.0
27123,1230.14250744,150873.75803168904,1832555.1774534625
27125,0.0,0.0,0.0
27127,0.0,0.0,0.0
27129,0.0,0.0,25174.376535
27131,0.0,0.0,379851.76769062603
27133,0.0,0.0,0.0
27135,0.0,0.0,0.0
27137,0.0,136.168429474,35294.929494439995
27139,0.0,0.0,0.0
27141,0.0,615746.19916656,0.0
27143,151.95344395,0.0,0.0
27145,0.0,822.7666640192999,117593.36833013
27147,0.0,10.88621688,7983.225712
27149,0.0,0.0,0.0
27151,0.0,0.0,0.0
27153,0.0,0.0,0.0
27155,0.0,0.0,0.0
27157,0.0,0.0,104863.75205845
27159,0.0,0.0,0.0
27161,0.0,0.0,35472.28411111001
27163,238479.81726646,38966.8867354536,809.2087880800002
27165,0.0,0.0,1344.90137705
27167,0.0,0.0,0.0
27169,0.0,0.0,0.0
27171,0.0,0.0,0.0
27173,0.0,0.0,0.0
29001,0.0,0.0,0.0
29003,0.0,0.0,0.0
29005,0.0,0.0,0.0
29007,0.0,0.0,0.0
29009,0.0,0.0,0.0
29011,0.0,0.0,0.0
29013,0.0,0.0,0.0
29015,0.0,0.0,0.0
29017,0.0,0.0,0.0
29019,0.0,2503.8298824000008,93254.50894067
29021,0.0,0.0,0.0
29023,0.0,923.51406532,5310.20587559
29025,0.0,0.0,0.0
29027,0.0,0.0,0.0
29029,0.0,0.0,123050.5381336
29031,12281.603087831001,19901.81882612001,17.690102430000003
29033,1651.0762268000005,0.0,0.0
29035,0.0,0.0,0.0
29037,0.0,0.0,0.0
29039,0.0,0.0,0.0
29041,0.0,0.0,0.0
29043,0.0,0.0,0.0
29045,0.0,0.0,0.0
29047,2801.6132733049994,91.62565874,99403.40710839
29049,0.0,0.0,0.0
29051,2913.8184178719002,0.0,0.0
29053,0.0,0.0,518220.21087760007
29055,0.0,0.0,0.0
29057,0.0,0.0,0.0
29059,0.0,0.0,0.0
29061,0.0,0.0,0.0
29063,0.0,0.0,0.0
29065,0.0,0.0,0.0
29067,0.0,0.0,0.0
29069,0.0,0.0,62368.95087500001
29071,0.0,215798.38439698,513724.20330616005
29073,0.0,0.0,0.0
29075,0.0,0.0,0.0
29077,0.0,839.554117633,7252.48840393
29079,0.0,0.0,0.0
29081,0.0,0.0,0.0
29083,0.0,22099.020266400006,0.0
29085,0.0,0.0,0.0
29087,0.0,0.0,0.0
29089,0.0,0.0,0.0
29091,0.0,0.0,47398.58829552
29093,0.0,1238104.86790298,0.0
29095,5746.108143160001,16284.941306595501,776209.0359777599
29097,0.0,819.1878202199997,80679.56766715996
29099,78025.5442792056,453833.1717566085,46993.98390148
29101,0.0,3486.764548190001,0.0
29103,0.0,0.0,0.0
29105,0.0,0.0,2177.2433760000004
29107,0.0,0.0,0.0
29109,4275.178802300483,0.0,0.0
29111,0.0,0.0,0.0
29113,0.0,0.0,0.0
29115,0.0,0.0,0.0
29117,0.0,682.5022954442002,0.0
29119,0.0,0.0,0.0
29121,0.0,0.0,302142.86717307
29123,0.0,0.0,0.0
29125,0.0,0.0,0.0
29127,0.0,0.0,14004.66442375
29129,0.0,0.0,0.0
29131,0.0,0.0,0.0
29133,0.0,0.0,0.0
29135,0.0,0.0,0.0
29137,0.0,0.0,0.0
29139,0.0,0.0,57036.06538090999
29141,0.0,0.0,0.0
29143,0.0,37142.987279759895,6368.436874800001
29145,0.0,3758.01278545,0.0
29147,0.0,18546.48482456,355026.74799899996
29149,0.0,0.0,0.0
29151,0.0,0.0,0.0
29153,0.0,0.0,0.0
29155,627.5269002002,0.0,0.0
29157,0.0,0.0,0.0
29159,0.0,0.0,562154.26065106
29161,0.0,0.0,0.0
29163,690099.51404933,27536.68559796,206.38452835
29165,684.83965692681,110208.43095416,0.0
29167,0.0,0.0,0.0
29169,0.0,0.0,0.0
29171,0.0,0.0,0.0
29173,3836.4343702993,11938.6146813318,3930.3642782789007
29175,0.0,62945.23952749264,0.0
29177,0.0,0.0,0.0
29179,0.0,0.0,0.0
29181,0.0,0.0,0.0
29183,14248.69711881,210873.73203589,244017.72651179
29185,0.0,0.0,0.0
29186,116739.934285975,12473.064427208,0.0
29187,0.0,51.7140661037,0.0
29189,6153.660887605,55.025290404700016,2156432.69414211
29195,0.0,0.0,0.0
29197,0.0,0.0,0.0
29199,0.0,0.0,0.0
29201,0.0,0.0,0.0
29203,0.0,0.0,0.0
29205,0.0,0.0,0.0
29207,0.0,0.0,0.0
29209,0.0,0.0,0.0
29211,0.0,0.0,0.0
29213,0.0,0.0,0.0
29215,0.0,0.0,0.0
29217,0.0,0.0,0.0
29219,0.0,0.0,0.0
29221,0.0,0.0,0.0
29223,0.0,0.0,0.0
29225,0.0,3805.6399843000013,0.0
29227,0.0,0.0,0.0
29229,0.0,0.0,0.0
29510,17616.144194071498,69332.50093924001,1002710.072958525
69085,0.0,0.0,0.0
69100,0.0,0.0,0.0
69110,3670.1337996862,0.0,0.0
69120,0.0,0.0,0.0
28001,0.0,0.0,0.0
28003,0.0,0.0,0.0
28005,0.0,0.0,0.0
28007,0.0,0.0,0.0
28009,0.0,0.0,0.0
28011,0.0,792.87946276,0.0
28013,0.0,0.0,0.0
28015,0.0,0.0,0.0
28017,0.0,0.0,0.0
28019,0.0,112004.20314699,0.0
28021,0.0,0.0,0.0
28023,0.0,0.0,26324.68678532
28025,0.0,0.0,10886.21688
28027,0.0,0.0,69896.76984752003
28029,0.0,0.0,0.0
28031,745.25226391,0.0,0.0
28033,0.0,0.0,0.0
28035,0.0,7.25747792,0.0
28037,0.0,0.0,0.0
28039,0.0,1745.8815680537002,0.0
28041,0.0,0.0,0.0
28043,0.0,0.0,5740505.823798128
28045,0.0,0.0,17962.257852000002
28047,35628.77347876,1287162.2117441243,16901.75889094
28049,0.0,99.79032140000001,75432.411131
28051,0.0,0.0,0.0
28053,0.0,0.0,0.0
28055,0.0,0.0,0.0
28057,0.0,0.0,0.0
28059,1166368.0416395466,89715.67652432773,195597.19460666005
28061,0.0,0.0,0.0
28063,0.0,0.0,0.0
28065,0.0,0.0,0.0
28067,19027.8914786884,3370.644901470001,123146.24612367002
28069,0.0,0.0,0.0
28071,0.0,0.0,0.0
28073,211720.13539831,7100.389810421601,0.0
28075,9014.1595223834,128.36664071,0.0
28077,0.0,0.0,0.0
28079,0.0,0.0,0.0
28081,0.0,0.0,0.0
28083,3401.3077456820006,0.0,0.0
28085,0.0,0.0,0.0
28087,8089.819918950001,11321.733594055502,425.46964306000007
28089,2201.964160165001,0.0,0.0
28091,0.0,0.0,0.0
28093,0.0,0.0,10577.32047603
28095,0.0,90442.37232438101,0.0
28097,0.0,0.0,0.0
28099,0.0,0.0,0.0
28101,0.0,1192.4943407300002,0.0
28103,0.0,0.0,0.0
28105,0.0,0.0,0.0
28107,0.0,392.35740005,40018.640435620015
28109,0.0,0.0,0.0
28111,0.0,0.0,0.0
28113,0.0,0.0,0.0
28115,0.0,0.0,0.0
28117,0.0,0.0,0.0
28119,0.0,0.0,0.0
28121,0.0,179.64979406220002,0.0
28123,0.0,0.0,0.0
28125,0.0,0.0,0.0
28127,0.0,0.0,0.0
28129,0.0,0.0,0.0
28131,0.0,0.0,0.0
28133,3646.1659788553998,0.0,0.0
28135,0.0,0.0,0.0
28137,0.0,0.0,6247.32771201
28139,0.0,0.0,0.0
28141,0.0,0.0,0.0
28143,0.0,0.0,0.0
28145,165.635422761732,2906.1040363575994,0.0
28147,0.0,0.0,0.0
28149,5522.9406971200015,10008.51564405,0.0
28151,1751.32014057,7379.9478598999995,148333.77683740004
28153,0.0,0.0,0.0
28155,0.0,0.0,45340.63971283
28157,0.0,0.0,0.0
28159,0.0,0.0,0.0
28161,0.0,0.0,0.0
28163,0.0,13.154178730000002,0.0
30001,0.0,0.0,0.0
30003,0.0,0.0,0.0
30005,0.0,0.0,0.0
30007,0.0,0.0,0.0
30009,0.0,0.0,0.0
30011,0.0,0.0,0.0
30013,51886.64938222997,7.71107029,0.0
30015,0.0,0.0,0.0
30017,0.0,0.0,0.0
30019,0.0,0.0,0.0
30021,0.0,0.0,0.0
30023,0.0,0.0,0.0
30025,0.0,0.0,0.0
30027,0.0,0.0,0.0
30029,0.0,0.0,0.0
30031,412.76905669999996,0.0,0.0
30033,0.0,0.0,0.0
30035,0.0,0.0,0.0
30037,0.0,0.0,0.0
30039,0.0,0.0,0.0
30041,0.0,0.0,0.0
30043,0.0,308522.64385712,0.0
30045,0.0,0.0,0.0
30047,0.0,0.0,0.0
30049,1696.752978459,117777.52683235,0.0
30051,0.0,0.0,0.0
30053,0.0,0.0,0.0
30055,0.0,0.0,0.0
30057,0.0,0.0,0.0
30059,0.0,0.0,0.0
30061,0.0,0.0,0.0
30063,7791.129343305,0.0,9878.78822623
30065,0.0,0.0,0.0
30067,0.0,0.0,0.0
30069,0.0,0.0,0.0
30071,0.0,0.0,0.0
30073,0.0,0.0,0.0
30075,0.0,0.0,0.0
30077,0.0,0.0,0.0
30079,0.0,0.0,0.0
30081,0.0,0.0,0.0
30083,0.0,0.0,0.0
30085,0.0,0.0,0.0
30087,0.0,529256.5668320701,0.0
30089,0.0,0.0,0.0
30091,0.0,0.0,0.0
30093,0.0,0.0,0.0
30095,0.0,1282823.63247654,0.0
30097,0.0,946004.4620099424,0.0
30099,0.0,0.0,0.0
30101,0.0,0.0,0.0
30103,0.0,0.0,0.0
30105,0.0,0.0,0.0
30107,0.0,0.0,0.0
30109,0.0,0.0,0.0
30111,396766.7079758381,6762.60864433,17304.5489155
37001,0.0,0.0,28378.55303668
37003,0.0,0.0,0.0
37005,0.0,0.0,0.0
37007,0.0,0.0,0.0
37009,0.0,0.0,0.0
37011,0.0,0.0,0.0
37013,0.0,330766.6231731246,0.0
37015,0.0,0.0,0.0
37017,0.0,0.0,39605.41778655
37019,531339.7383256785,202.619711679,0.0
37021,0.0,118438.74657379383,4665.19752545
37023,0.0,0.0,0.0
37025,0.0,0.0,0.0
37027,0.0,0.0,0.0
37029,0.0,0.0,0.0
37031,0.0,0.0,0.0
37033,0.0,0.0,0.0
37035,0.0,910558.5314717408,872654.56724138
37037,0.0,97995.864625043,0.0
37039,0.0,0.0,0.0
37041,0.0,0.0,0.0
37043,0.0,0.0,0.0
37045,0.0,4.8035431983,15735.1193153
37047,0.0,8847.31917685,169767.37709701006
37049,1802.12248601,0.0,0.0
37051,936.66824405,0.0,71686.64533954
37053,0.0,0.0,0.0
37055,0.0,0.0,0.0
37057,0.0,0.27669134570000004,20501.46793926
37059,0.0,0.0,0.0
37061,0.0,0.0,0.0
37063,0.0,0.0,8452.69381495
37065,0.0,0.0,0.0
37067,0.0,108.6172289202,6254.131597560001
37069,0.0,0.0,0.0
37071,287.57756258,450365.34650423564,101681.80158289998
37073,0.0,0.0,0.0
37075,0.0,0.0,0.0
37077,0.0,0.0,0.0
37079,0.0,0.0,0.0
37081,7200.075125187946,10.341906036000001,60663.44356379999
37083,0.0,0.0,461.30344029
37085,0.0,0.0,0.0
37087,0.0,0.0,0.0
37089,0.0,5.910308581100002,0.0
37091,0.0,6805.236529514807,0.0
37093,0.0,0.0,0.0
37095,0.0,0.0,0.0
37097,0.0,1.7780820904,23365.45016344
37099,0.0,0.0,0.0
37101,7688.753545396001,0.0,0.0
37103,0.0,0.0,0.0
37105,0.0,0.2041165665,0.0
37107,0.0,0.0,0.0
37109,0.0,0.33112243010000003,0.0
37111,0.0,68.49244786999999,0.0
37113,0.0,0.0,33259.66053025
37115,0.0,0.0,0.0
37117,1642.45797177,4745.48337494,0.0
37119,3737.6011287999986,48003.1770295693,30060.01995227
37121,0.0,0.0,0.0
37123,11004.28470594915,0.0,12.88383767748
37125,0.0,10.3192264175,0.0
37127,0.0,293.02067101999995,347710.7566632701
37129,172712.55235542,1437481.5302141912,0.0
37131,0.0,0.0,0.0
37133,0.0,0.0,0.0
37135,0.0,0.0,0.0
37137,0.0,0.0,0.0
37139,0.0,0.0,0.0
37141,0.0,0.0,0.0
37143,0.0,0.0,0.0
37145,0.0,1361770.02369793,0.0
37147,0.0,0.997903214,0.0
37149,0.0,0.0,0.0
37151,0.0,0.0,1031435.02995225
37153,0.0,0.0,0.0
37155,0.0,0.0,16157.86740414
37157,1753.13451005,412.7690567,0.0
37159,0.0,51685.600914520655,8055.800491200002
37161,0.0,316921.4059928693,0.0
37163,0.0,0.0,0.0
37165,0.0,0.0,0.0
37167,166.92199216,5.4431084400000005,2610.87768172
37169,0.0,546343.8468167095,0.0
37171,0.0,92.53284348,0.0
37173,0.0,0.0,40072.16433528
37175,0.0,0.0,0.0
37177,0.0,0.0,0.0
37179,162.38606846000005,0.0,175426.39550513
37181,0.0,0.0,0.0
37183,103.41906036,8.61825503,77511.22496271
37185,0.0,0.0,0.0
37187,0.0,0.0,0.0
37189,0.0,0.0,0.0
37191,0.0,114265.81470381,0.0
37193,0.0,0.0,0.0
37195,0.0,0.0,4826.2228168
37197,0.0,0.0,0.0
37199,0.0,0.0,0.0
38001,0.0,0.0,0.0
38003,0.0,0.0,0.0
38005,0.0,0.0,0.0
38007,938.02902116,0.0,0.0
38009,0.0,0.0,0.0
38011,0.0,0.0,0.0
38013,352.68621136980005,0.0,0.0
38015,0.0,0.0,0.0
38017,0.0,0.0,0.0
38019,0.0,0.0,0.0
38021,0.0,0.0,0.0
38023,0.0,0.0,0.0
38025,0.0,0.0,0.0
38027,0.0,0.0,0.0
38029,0.0,0.0,0.0
38031,0.0,0.0,0.0
38033,0.0,0.0,0.0
38035,1224.699399,0.0,0.0
38037,0.0,0.0,0.0
38039,0.0,0.0,0.0
38041,0.0,0.0,0.0
38043,0.0,0.0,0.0
38045,0.0,0.0,0.0
38047,0.0,0.0,0.0
38049,0.0,0.0,0.0
38051,0.0,0.0,0.0
38053,859421.6267322531,0.0,0.0
38055,257.18687379,382055.4101425599,0.0
38057,61801.837942560094,152376.19203884,0.0
38059,230545.12593805,0.0,0.0
38061,243.5382793767,0.0,0.0
38063,0.0,0.0,0.0
38065,0.0,139852.1030059307,0.0
38067,0.0,0.0,0.0
38069,0.0,0.0,0.0
38071,0.0,0.0,0.0
38073,0.0,0.0,0.0
38075,0.0,0.0,0.0
38077,0.0,0.0,0.0
38079,0.0,0.0,0.0
38081,0.0,0.0,0.0
38083,0.0,0.0,0.0
38085,0.0,0.0,0.0
38087,0.0,0.0,0.0
38089,759.7672197500002,0.0,0.0
38091,0.0,0.0,0.0
38093,0.0,0.0,0.0
38095,0.0,0.0,0.0
38097,0.0,0.0,0.0
38099,0.0,0.0,0.0
38101,0.0,0.0,0.0
38103,0.0,0.0,0.0
38105,1207.8348346834,0.0,0.0
31001,0.0,0.0,408037.498610819
31003,0.0,0.0,0.0
31005,0.0,0.0,0.0
31007,0.0,0.0,0.0
31009,0.0,0.0,0.0
31011,1118.55878442,0.0,0.0
31013,0.0,0.0,0.0
31015,0.0,0.0,0.0
31017,0.0,0.0,0.0
31019,322.13222932660005,0.0,35478.18081192
31021,0.0,0.0,0.0
31023,0.0,0.0,0.0
31025,35.38020486,1414.1513241779003,0.0
31027,0.0,0.0,0.0
31029,0.0,0.0,0.0
31031,0.0,0.0,0.0
31033,0.0,0.0,0.0
31035,0.0,0.0,0.0
31037,0.0,0.0,0.0
31039,0.0,0.0,0.0
31041,0.0,0.0,0.0
31043,0.0,0.0,0.0
31045,0.0,0.0,0.0
31047,3245.453407350001,0.0,0.0
31049,0.0,0.0,0.0
31051,0.0,0.0,0.0
31053,0.0,82.19456618295999,0.0
31055,0.0,0.0,370863.01841280994
31057,0.0,0.0,0.0
31059,63.04933943,0.0,0.0
31061,0.0,0.0,0.0
31063,0.0,0.0,0.0
31065,0.0,0.0,0.0
31067,0.0,156.48936765,95653.5589856
31069,0.0,0.0,0.0
31071,0.0,0.0,0.0
31073,0.0,0.0,0.0
31075,0.0,0.0,0.0
31077,0.0,0.0,0.0
31079,97.06876718,0.0,0.0
31081,29.029911680000005,0.0,0.0
31083,0.0,0.0,0.0
31085,0.0,0.0,0.0
31087,0.0,0.0,0.0
31089,0.0,0.0,0.0
31091,0.0,0.0,0.0
31093,0.0,0.0,0.0
31095,0.0,0.0,0.0
31097,0.0,0.0,0.0
31099,0.0,0.0,0.0
31101,0.0,0.0,61597.843846
31103,0.0,0.0,0.0
31105,995.2534346944149,157898.2482308385,161.01621950260005
31107,0.0,0.0,0.0
31109,0.0,382.051962840548,15247.96110992
31111,99.7903214,244504.43112479997,0.0
31113,0.0,0.0,0.0
31115,0.0,0.0,0.0
31117,0.0,0.0,0.0
31119,0.0,3.17514659,0.0
31121,2630.4547284092,0.0,0.0
31123,0.0,0.0,0.0
31125,0.0,0.0,0.0
31127,0.0,0.0,0.0
31129,0.0,0.0,0.0
31131,0.0,133947.18763811002,17406.60719875
31133,0.0,0.0,0.0
31135,85.72895793,0.0,0.0
31137,0.0,0.0,0.0
31139,0.0,0.0,0.0
31141,264.44435171000003,0.0,111683.96693377002
31143,0.0,0.0,0.0
31145,0.0,0.0,0.0
31147,0.0,0.0,0.0
31149,0.0,0.0,0.0
31151,0.0,0.0,0.0
31153,2.72155422,18.1436948,0.0
31155,0.0,0.0,0.0
31157,0.0,0.0,0.0
31159,0.0,0.0,0.0
31161,0.0,0.0,0.0
31163,0.0,0.0,0.0
31165,0.0,0.0,0.0
31167,0.0,827.4797155397848,0.0
31169,0.0,0.0,0.0
31171,0.0,0.0,0.0
31173,0.0,0.0,0.0
31175,145.60315077,0.0,0.0
31177,1486.9256840207001,0.0,0.0
31179,0.0,0.0,0.0
31181,0.0,0.0,0.0
31183,0.0,0.0,0.0
31185,2128.4323010642997,0.0,0.0
33001,0.0,0.0,0.0
33003,0.0,0.0,0.0
33005,0.0,0.0,0.0
33007,23726.509689960007,0.0,0.0
33009,0.0,0.0,12087.783068129998
33011,0.0,62.59574706000002,48534.38359
33013,0.0,8420.0895953944,1274.5945597
33015,629.0019463000502,4335.889464829998,194575.70458942
33017,0.0,0.0,610503.5785541001
33019,0.0,0.0,0.0
34001,0.0,0.0,3265.865064
34003,12170.79047184,2.2679618500000003,355980.65275311
34005,0.0,997.857854763,16332.04687422
34007,2969.669246390001,26.30835746,0.0
34009,0.0,1630.21097778,0.0
34011,0.0,0.0,0.0
34013,7929.756243424398,9877.42744912,1195475.80337801
34015,550147.062803384,8132.911194099999,8250.845210300002
34017,0.0,41292.3096668852,14775.31786038
34019,0.0,14.288159655,0.0
34021,711.6864285300002,1244.2492301470002,94539.53612488
34023,143904.73537550494,64535.716267252996,543610.9509730899
34025,0.0,0.0,310918.51875546004
34027,0.0,4493.739609590001,116430.35749345002
34029,0.0,0.0,0.0
34031,0.0,1.81436948,166054.26995619005
34033,15787.28243785,234286.80939818,557.46502273
34035,0.0,65.77089365,5.597329845799999
34037,0.0,0.0,247606.54934323
34039,299757.3115011475,8922.071199426,152753.06397681512
34041,4057.38374965,7484.274104999999,2510.63376795
35001,3424.395597315,63.659874760019996,1139.8776258100004
35003,0.0,0.0,0.0
35005,0.0,0.0,0.0
35006,0.0,0.0,0.0
35007,0.0,0.0,0.0
35009,0.0,0.0,0.0
35011,0.0,0.0,0.0
35013,0.0,0.0,47868.05639847001
35015,230509.74573318995,42.63768278000001,198908.60488053173
35017,0.0,887636.7232224802,0.0
35019,0.0,0.0,0.0
35021,0.0,0.0,0.0
35023,55.79186151,206076.53913077,0.0
35025,20335.952083447,0.0,0.0
35027,0.0,0.0,0.0
35028,0.0,0.0,0.0
35029,0.0,0.0,0.0
35031,251950.2269890529,57747.75180944001,0.0
35033,0.0,0.0,0.0
35035,0.0,0.0,0.0
35037,2222.602613,0.0,0.0
35039,0.0,0.0,0.0
35041,1474.1752025,0.0,0.0
35043,0.0,0.0,0.0
35045,0.0,0.0,0.0
35047,0.0,0.0,0.0
35049,0.0,0.0,0.0
35051,0.0,0.0,0.0
35053,0.0,0.0,0.0
35055,0.0,0.0,0.0
35057,0.0,0.0,0.0
35059,0.0,0.0,0.0
35061,0.0,0.0,0.0
32001,0.0,0.0,0.0
32003,3319.2049865947283,44325.49998877001,0.0
32005,0.0,0.0,222.71385367
32007,0.0,27388495.97731371,0.0
32009,0.0,0.0,0.0
32011,0.0,19383353.22177023,0.0
32013,0.0,19405484.900687266,0.0
32015,0.0,4182997.53826647,0.0
32017,0.0,0.0,0.0
32019,0.0,54.0954260462,0.0
32021,0.0,0.0,0.0
32023,3103.2068401180004,1588546.2415618028,5055.581798690499
32027,0.0,209281.14699879388,0.0
32029,0.0,0.0,0.0
32031,0.0,1179.340162,12633.45468924
32033,0.0,0.0,0.0
32510,0.0,0.0,0.0
36001,12860.200979079296,898.56648497,58.291155468700005
36003,0.0,0.0,0.0
36005,0.0,0.0,282610.7261285
36007,1090.88964985,1817.99821896,11512.1743506
36009,0.0,64.41011654,38197.46707007
36011,0.0,140.504500375778,0.0
36013,0.0,20361.7614893,2394549.95502723
36015,637.7779879718787,628.4567645587,236643.22176033
36017,0.0,0.0,0.0
36019,0.0,0.0,0.0
36021,0.0,0.0,0.0
36023,0.0,344.7302012,0.0
36025,1587.573295,0.0,407054.24643037
36027,0.0,0.0,2993.7096420000007
36029,1569561.8389773353,35350.72135595,488710.39847014
36031,0.0,0.0,0.0
36033,0.0,0.0,0.0
36035,0.0,0.0,0.0
36037,0.0,0.0,41381.68550747
36039,0.0,18.429457993099998,0.0
36041,0.0,0.0,0.0
36043,0.0,1873.79008047,86648.38966399
36045,0.0,0.0,43442.35564438
36047,7719.1034108727,0.0,305877.2931552801
36049,0.0,0.0,0.0
36051,0.0,0.0,0.0
36053,0.0,0.0,15733.30494582
36055,7671.027532058068,6488.4211285124,772397.04570028
36057,0.0,86.63614267,0.0
36059,15173.294645932636,13.607771100000004,746830.7653576001
36061,0.0,0.0,0.0
36063,0.0,726330.5357255102,557200.12478592
36065,2493.8100269466995,5505.341313164002,1061539.04836441
36067,9735.90662968,2202.19095635,321625.56664931
36069,0.0,0.0,388207.48345687
36071,59289.98192460987,124682.56348086,395314.3687100301
36073,7847.148001,0.0,0.0
36075,0.0,0.0,0.0
36077,0.0,0.0,0.0
36079,0.0,0.0,0.0
36081,2194.6114278473,18427.64362362,48715.36694563001
36083,6597.364943939,0.0,0.0
36085,4123.154643299999,0.0,0.0
36087,0.0,477.17917324,87036.21114034
36089,133815.64585081002,49.89516070000001,451.32440815
36091,907.63833237,0.0,0.0
36093,0.0,0.0,0.0
36095,0.0,0.0,0.0
36097,0.0,0.0,0.0
36099,0.0,0.0,0.0
36101,0.0,126.55227123,9453.772175540002
36103,10720.923828759145,22013.29130847,473283.26837406994
36105,0.0,0.0,0.0
36107,0.0,0.0,0.0
36109,0.0,0.0,0.0
36111,0.0,0.0,0.0
36113,0.0,37.0630325527,0.0
36115,0.0,0.0,380896.48163721006
36117,0.0,0.0,1732.7228534
36119,809.2087880800002,0.0,86247.86760127997
36121,0.0,0.0,236745.28004358
36123,0.0,0.0,0.0
39001,0.0,1873385.9205964827,0.0
39003,384016.6120086527,127431.32417121266,229922.79720641
39005,0.0,0.0,0.0
39007,0.0,0.0,22995.318789520006
39009,0.0,0.0,0.0
39011,0.0,4992.4190611680015,289537.0816184
39013,0.0,1258.71882675,0.0
39015,0.0,0.0,54654.70543841
39017,2332759.78801635,115781.2178240041,135752.93886308002
39019,0.0,3.41328258425,0.0
39021,0.0,520.72404076,0.0
39023,0.0,123.150328455,618684.1169470501
39025,0.0,997541.7008811098,37164.18365121001
39027,0.0,0.0,0.0
39029,437.1451106638,3639.218304524111,257.4544932883
39031,681660.4280054801,681511.105397276,170519.43324647
39033,0.0,0.0,0.0
39035,668203.2778311246,137002.70332285383,1432772.721914249
39037,2408.5754847000007,0.90718474,0.0
39039,467687.29930538,125585.66588953002,20950.97797793
39041,1564.44008413,194.3343480893429,576099.05088197
39043,0.0,577.87667938,0.0
39045,0.0,18.59728717,0.0
39047,631.40057904,0.0,25824.82799358
39049,14425.190817161738,586.3180333857,327476.90822231
39051,0.0,56.24545388000001,0.0
39053,0.0,2064057.7008068715,0.0
39055,0.0,0.0,97106.86893907998
39057,185.51927933,0.0,11589.2850535
39059,0.0,11643.879431153196,0.0
39061,76100.09909964004,217249.08619433246,110324.09700851004
39063,0.0,0.0,7711.0702900000015
39065,0.0,0.0,98070.75272533
39067,0.0,0.0,0.0
39069,0.0,0.0,0.0
39071,0.0,0.0,0.0
39073,0.0,0.0,0.0
39075,0.0,0.0,0.0
39077,0.0,0.0,0.0
39079,0.0,0.0,0.0
39081,285.30960073,1011473.3913643744,1295149.5515389198
39083,0.0,0.0,0.0
39085,3538.9276707400004,4523.2866165718015,467171.56478069
39087,168553.56391489,0.0,0.0
39089,1050.2749890402001,178.26180141,13348.31626436
39091,584.6805649300002,495.77646041000014,0.0
39093,1877.84338188832,24064.90746951937,110357.65785437393
39095,676324.9776418997,154774.81570694226,97295.563365
39097,0.0,13.6077711,198237.0169246945
39099,1705.0537188300002,2139.0690421408003,104796.16679532
39101,0.0,411.04086977030005,263.08357459999996
39103,640.6638424201401,61.68856232000002,125059.95233269999
39105,0.0,0.0,0.0
39107,0.0,0.0,0.0
39109,0.0,79.37866475000001,0.0
39111,0.0,0.0,0.0
39113,8197.501658966312,13281.320671311003,212282.13634474
39115,0.0,0.0,0.0
39117,0.0,0.0,0.0
39119,0.0,396.212935195,0.0
39121,0.0,0.0,22841.55097609
39123,0.0,35205.013878934915,53796.055082000006
39125,99310.52953470877,0.0,536.14618134
39127,0.0,0.0,0.0
39129,103391.8448178,0.0,0.0
39131,0.0,0.0,0.0
39133,31.29787353,0.6395652417000001,31327.810626420003
39135,0.0,11.33980925,0.0
39137,0.0,33.11224301,504349.35620299994
39139,0.0,392.6703787853,36974.12844818
39141,112037.31539,2009.4141991,0.0
39143,0.0,1510434.0157806904,0.0
39145,655414.66629254,0.0,0.0
39147,24506.643207122997,93431.8544854926,135869.05850980006
39149,19407.856735190006,63.95652417,230077.47220458003
39151,127903.06930786,111789.03707035678,932913.86000351
39153,1219.6818055622973,139.70644996,807036.9878128937
39155,558927.041656984,66764.7236045174,28621.678547000003
39157,0.0,13852.25738743,0.0
39159,20557.259800770007,825.5381133999999,75142.1120142
39161,0.0,57.15263862,223171.52837133
39163,0.0,0.0,0.0
39165,6749.908057970001,0.0,39689.33237500001
39167,302095.69356659,443625.13126162,0.0
39169,0.0,455.73786191010004,0.0
39171,0.0,41.73049804000001,52820.8314865
39173,0.0,676.7598160399998,37591.92125612
39175,0.0,0.0,0.0
40001,0.0,0.0,0.0
40003,0.0,0.0,0.0
40005,0.0,0.0,0.0
40007,2625.8462299300004,0.0,0.0
40009,0.0,0.0,0.0
40011,0.0,0.0,0.0
40013,0.0,16.238606846000007,0.0
40015,0.0,0.0,0.0
40017,0.0,0.0,0.0
40019,154227.75609318007,3854.9182593767987,0.0
40021,0.0,0.0,0.0
40023,0.0,0.0,0.0
40025,0.0,0.0,0.0
40027,0.0,0.0,48863.23805825001
40029,0.0,0.0,0.0
40031,0.0,0.0,0.0
40033,0.0,0.0,0.0
40035,0.0,0.0,117695.88020575
40037,0.0,288.48474732000005,5604.13373135
40039,4823.210963463202,0.0,0.0
40041,0.0,0.0,0.0
40043,0.0,0.0,0.0
40045,0.0,0.0,0.0
40047,0.0,989.28495897,0.0
40049,193742.1696425369,329.76165299,0.0
40051,0.0,148.32470499,0.0
40053,0.0,0.0,0.0
40055,0.0,0.0,0.0
40057,0.0,0.0,0.0
40059,0.0,0.0,0.0
40061,0.0,0.0,0.0
40063,0.0,0.0,0.0
40065,0.0,0.0,0.0
40067,0.0,0.0,0.0
40069,0.0,0.0,0.0
40071,444252.47218894854,5360.327832475001,154.2214058
40073,0.0,0.0,0.0
40075,0.0,0.0,0.0
40077,0.0,0.0,0.0
40079,0.0,225.88900026,0.0
40081,0.0,0.0,0.0
40083,0.0,0.0,0.0
40085,0.0,0.0,0.0
40087,0.0,0.0,0.0
40089,0.0,36269.69949757,0.0
40091,0.0,0.0,0.0
40093,0.0,4833125.382095842,0.0
40095,0.0,0.0,0.0
40097,0.0,43021.245023995696,0.0
40099,0.0,0.0,0.0
40101,0.0,3727.017004438421,146679.07187164002
40103,0.0,85.72895793,0.0
40105,0.0,0.0,53148.77877001
40107,0.0,0.0,0.0
40109,3783.604466965401,2853.54959967,55941.5469921
40111,0.0,0.0,0.0
40113,0.0,0.0,0.0
40115,0.0,0.0,0.0
40117,0.0,0.0,0.0
40119,7995.92629836,0.0,0.0
40121,0.0,1142.59918003,0.0
40123,80952.4216214098,0.0,0.0
40125,0.0,0.0,99125.80857795
40127,0.0,0.0,0.0
40129,0.0,0.0,0.0
40131,9711.6258301139,95441.54442339436,45889.03288816
40133,0.0,0.0,0.0
40135,0.0,0.0,0.0
40137,0.0,0.0,0.0
40139,0.0,0.0,0.0
40141,0.0,0.0,40191.00553622
40143,360762.84989447787,17876.07530170001,193876.87296865578
40145,0.0,583.3197878200001,0.0
40147,0.0,13.6077711,0.0
40149,0.0,0.0,0.0
40151,0.0,0.0,0.0
40153,0.0,136.98489574,0.0
41001,0.0,0.0,0.0
41003,0.0,0.0,834156.36843
41005,0.0,523.44559498,400138.32356498006
41007,0.0,0.0,0.0
41009,0.0,0.0,0.0
41011,0.0,0.0,0.0
41013,0.0,0.0,0.0
41015,0.0,0.0,0.0
41017,0.0,0.0,0.0
41019,0.0,3924579.6147842905,0.0
41021,180647.016887645,515196.9315489997,192579.7756914801
41023,0.0,0.0,0.0
41025,0.0,0.0,0.0
41027,0.0,0.0,96839.24944078
41029,0.0,0.0,0.0
41031,0.0,0.0,0.0
41033,0.0,0.0,0.0
41035,0.0,0.0,0.0
41037,0.0,0.0,0.0
41039,0.0,0.0,0.0
41041,0.0,0.0,0.0
41043,0.0,294.8350405,1993614.1571087826
41045,0.0,0.0,0.0
41047,0.0,0.0,10931.576117
41049,0.0,0.0,0.0
41051,47616.69092915659,40519.28847808381,477610.2402129058
41053,0.0,0.0,0.0
41055,0.0,0.0,0.0
41057,0.0,0.0,0.0
41059,0.0,0.0,0.0
41061,0.0,0.0,0.0
41063,0.0,0.0,0.0
41065,0.0,0.0,0.0
41067,0.0,0.0,61332.94590192
41069,0.0,0.0,0.0
41071,0.0,53.92714327693001,0.0
42001,0.0,18.1436948,0.0
42003,5071169.904182757,49775.058376193694,42507.50176981
42005,0.0,253236.01956502808,0.0
42007,12369.800949030909,119688.7110678028,60.73254890568034
42009,0.0,0.0,0.0
42011,8270.0787514874,114525.26156801774,1893409.447327321
42013,3298.1206978192554,0.0,337744.878702
42015,0.0,17532.252285240003,0.0
42017,9362.60010917,7812.22138851,631520.7810180499
42019,123886.96246388,1593946.3358373553,50985.14316511001
42021,0.0,3268.270917930481,0.0
42023,0.0,0.0,0.0
42025,0.0,29326.715311385804,0.0
42027,0.0,0.0,59352.10802213
42029,10006.074545992371,597130.7683017597,70571.26170171
42031,0.0,26346.30227611998,0.0
42033,1573.0492673126,17370.77340152,60289.68345092
42035,0.0,0.0,176622.06499245
42037,656.34815939,0.0,0.0
42039,0.0,4033.796946410002,167166.47844742992
42041,2064.637981525812,6084.714847365,5114.70756412
42043,4764.98784685,33762.367882073595,359.2451570400001
42045,483026.4059465162,90243.31784873019,139093.19307576
42047,0.0,0.0,750066.2397328102
42049,61600.56540022,20894.82324252401,311903.26779073
42051,0.0,0.0,21205.443297499998
42053,0.0,0.0,0.0
42055,0.0,17.690102430000007,14890.98391473
42057,0.0,0.0,0.0
42059,0.0,324660.82535240205,0.0
42061,0.0,535.69258897,0.0
42063,0.0,959943.111817151,91032.81351241
42065,0.0,0.0,0.0
42067,63.5029318,0.0,0.0
42069,0.0,74512.07221227001,366932.1869343901
42071,6880.905534425999,1450.5378690699818,257099.33046259012
42073,551.56832192,95800.135545596,303896.45527549
42075,0.0,33.066883772999994,0.0
42077,3383.864397501279,61.706706014800005,134662.5028056
42079,2381.0122185891587,532.9710347500003,0.0
42081,4613.48799527,0.0,536174.7576593099
42083,12200.2966555085,10.88621688,561211.6957062001
42085,0.0,13494.826599870004,2229555.4854998505
42087,0.0,55398.24584471562,21385.51946839
42089,0.0,67.58526313,382727.18044253
42091,6718.156592070001,3158.2548101411994,5090033.301617703
42093,0.0,21854.670056681007,0.0
42095,1278836.5555442395,459021.14673547726,4916.9412908
42097,1636.8804185515319,94.34721296,12246.99399
42099,0.0,0.0,0.0
42101,843961.0940940565,50429.887137221915,127509.30577146301
42103,0.0,0.0,0.0
42105,0.0,22.6796185,32189.182537050005
42107,0.0,191143.64146668254,20881.57834532
42109,1382.3014287336096,78812.83548396718,0.0
42111,0.0,1554.5608423114002,23995.036373000006
42113,0.0,0.0,0.0
42115,0.0,0.0,0.0
42117,0.0,0.0,0.0
42119,0.0,0.0,0.0
42121,30998.04897343,48708.16934190285,0.0
42123,80210.09956421003,1971.76603239,228434.56064044003
42125,120.65557042,30797.3071341628,0.0
42127,0.0,0.0,0.0
42129,171060.052755763,415300.50037870096,711317.6579331901
42131,0.0,0.0,0.0
42133,86.16894252889999,10844.5362771207,867934.93863153
72001,0.0,0.0,0.0
72003,0.0,0.0,0.0
72005,0.0,0.0,0.0
72007,0.0,0.0,0.0
72009,0.0,0.0,0.0
72011,0.0,0.0,0.0
72013,0.0,335.386198378,0.0
72015,0.0,0.0,0.0
72017,0.0,121.6489377103,0.0
72019,0.0,0.0,0.0
72021,306124.9241986113,0.0,0.0
72023,0.0,0.0,0.0
72025,0.0,0.0,0.0
72027,0.0,0.0,0.0
72029,0.0,0.0,0.0
72031,1300.4039655529998,0.0,0.0
72033,0.0,0.0,0.0
72035,0.0,0.0,0.0
72037,4.5359237000000014,0.0,0.0
72039,0.0,0.0,0.0
72041,0.0,0.0,0.0
72043,0.0,0.0,0.0
72045,0.0,0.0,0.0
72047,0.0,0.0,0.0
72049,0.0,0.0,0.0
72051,0.0,0.0,0.0
72053,0.0,0.0,0.0
72054,0.0,0.0,0.0
72055,0.0,0.0,0.0
72057,765389.95076852,57357.66237124,0.0
72059,0.0,258788.4177299961,0.0
72061,18262.70473730164,0.0,0.0
72063,0.0,0.0,0.0
72065,0.0,0.0,0.0
72067,0.0,0.0,0.0
72069,7.71107029,0.0,0.0
72071,0.0,0.0,0.0
72073,0.0,0.0,0.0
72075,0.0,0.0,0.0
72077,0.0,0.0,0.0
72079,0.0,0.0,0.0
72081,0.0,0.0,0.0
72083,0.0,0.0,0.0
72085,0.0,0.0,37.965681369
72087,0.0,0.0,0.0
72089,0.0,0.0,4789.9354272
72091,138986.14527644002,0.0,39415.362583520015
72093,0.0,0.0,0.0
72095,0.0,0.0,0.0
72097,0.0,0.0,0.0
72099,0.0,0.0,0.0
72101,0.0,0.0,0.0
72103,0.0,0.0,0.0
72105,0.0,0.0,0.0
72107,0.0,0.0,0.0
72109,0.0,0.0,0.0
72111,45983.96523527728,0.0,0.0
72113,0.0,0.0,0.0
72115,0.0,0.0,0.0
72117,0.0,0.0,0.0
72119,0.0,0.0,0.0
72121,0.0,0.0,0.0
72123,0.0,222052.51599454,0.0
72125,0.0,0.0,0.0
72127,0.0,45472.6350925,0.0
72129,0.0,0.0,0.0
72131,0.0,6.35029318,0.0
72133,0.0,0.0,0.0
72135,0.0,0.0,0.0
72137,0.0,98904.57343540619,0.0
72139,0.0,0.0,0.0
72141,0.0,0.0,0.0
72143,0.0,0.0,0.0
72145,0.0,0.0,0.0
72147,0.0,0.0,0.0
72149,0.0,0.0,0.0
72151,73090.5454761559,14860.2122083492,0.0
72153,0.0,0.0,0.0
44001,0.0,0.0,0.0
44003,0.0,2.72155422,72895.46900559
44005,0.0,0.0,0.0
44007,14394.8581881951,44.8285339271,843282.1933220299
44009,0.0,13613.305380506366,0.0
45001,0.0,0.0,0.0
45003,8219.093744400001,1147824.6580260207,1183.8760857000002
45005,0.0,0.0,0.0
45007,1165.27879853,8935.633611289,232035.63046587
45009,0.0,0.0,0.0
45011,0.0,0.0,0.0
45013,0.0,0.0,0.0
45015,779915.33923303,469330.0067529536,0.0
45017,0.0,0.0,0.0
45019,8794.384947270999,6180.332118961001,363829.16153122
45021,0.0,2971.48361587,6577.089365
45023,0.0,0.0,5433.58300023
45025,0.0,1443.6239420110205,0.0
45027,0.0,0.0,0.0
45029,0.0,67066.80705109,0.0
45031,0.0,394.0447636664,0.0
45033,0.0,0.0,0.0
45035,3982.6181193028997,160.16346584700003,400554.1226187119
45037,76.20351816,0.0,0.0
45039,0.0,167375.58453000002,0.0
45041,0.0,5473.998080396999,0.0
45043,0.0,190779.13645252,294835.0405
45045,0.0,266.2814008085,317408.51838542
45047,0.0,0.90718474,0.0
45049,0.0,0.0,0.0
45051,0.0,11907.25330487,0.0
45053,0.0,0.0,0.0
45055,9125.65625545868,0.0,0.0
45057,0.0,0.0,0.0
45059,0.0,0.0,0.0
45061,0.0,0.0,0.0
45063,0.0,635.2107549480003,46541.29871622
45065,0.0,0.0,0.0
45067,0.0,5.4431084400000005,0.0
45069,0.0,0.0,0.0
45071,0.0,0.0,0.0
45073,0.0,246.43673462099997,429783.3064987
45075,158616.26227292998,194431.28077881198,274299.09954061994
45077,0.0,0.0,126510.99432433
45079,0.0,54937.74707729001,96390.056916769
45081,0.0,0.0,0.0
45083,4267.895968567001,33.37804813882,60282.42597300001
45085,0.0,0.0,99.33672903
45087,0.0,0.0,0.0
45089,0.0,0.0,0.0
45091,1080519.62108706,1026.0168690926,11430.527724
46003,0.0,0.0,0.0
46005,0.0,0.0,0.0
46007,0.0,0.0,0.0
46009,540.22851267,0.0,0.0
46011,1148.1919739521002,0.0,0.0
46013,23.13321087,0.0,0.0
46015,0.0,0.0,0.0
46017,0.0,0.0,0.0
46019,0.0,0.0,0.0
46021,0.0,0.0,0.0
46023,0.0,0.0,0.0
46025,0.0,0.0,0.0
46027,0.0,0.0,0.0
46029,0.0,0.0,129552.85279640552
46031,0.0,0.0,0.0
46033,0.0,0.0,0.0
46035,0.0,0.0,0.0
46037,0.0,0.0,0.0
46039,0.0,0.0,0.0
46041,0.0,0.0,0.0
46043,0.0,0.0,0.0
46045,0.0,0.0,0.0
46047,0.0,0.0,0.0
46049,0.0,0.0,0.0
46051,0.0,33338.585602629995,0.0
46053,0.0,0.0,0.0
46055,0.0,0.0,0.0
46057,0.0,0.0,0.0
46059,0.0,0.0,0.0
46061,0.0,0.0,0.0
46063,0.0,0.0,0.0
46065,0.0,0.0,0.0
46067,0.0,0.0,0.0
46069,0.0,0.0,0.0
46071,0.0,0.0,0.0
46073,0.0,0.0,0.0
46075,0.0,0.0,0.0
46077,0.0,0.0,0.0
46079,23.58680324,0.0,0.0
46081,1953.62233759,0.0,0.0
46083,0.0,0.0,24040.39561
46085,0.0,0.0,0.0
46087,0.0,0.0,0.0
46089,0.0,0.0,0.0
46091,0.0,0.0,0.0
46093,0.0,0.0,0.0
46095,0.0,0.0,0.0
46097,0.0,0.0,0.0
46099,0.0,0.0,0.0
46101,0.0,0.0,0.0
46102,0.0,0.0,0.0
46103,1529.3002832261,0.0,0.0
46105,0.0,0.0,0.0
46107,0.0,0.0,0.0
46109,384.64632976,0.0,0.0
46111,0.0,0.0,0.0
46115,0.0,0.0,0.0
46117,0.0,0.0,0.0
46119,0.0,0.0,0.0
46121,0.0,0.0,0.0
46123,0.0,0.0,0.0
46125,13.9343576064,0.0,0.0
46127,0.0,0.0,0.0
46129,0.0,0.0,0.0
46135,0.0,0.0,33159.870208850014
46137,0.0,0.0,0.0
47001,0.0,272106.4340240401,25524.096252270007
47003,0.0,0.0,0.0
47005,0.0,0.0,0.0
47007,0.0,0.0,0.0
47009,0.0,0.0,0.0
47011,0.0,102.96546799,0.0
47013,0.0,0.0,0.0
47015,0.0,0.0,0.0
47017,0.0,0.0,0.0
47019,0.0,0.0,0.0
47021,0.0,17495.874177166013,0.0
47023,0.0,0.0,0.0
47025,0.0,0.0,0.0
47027,0.0,0.0,0.0
47029,3100.75744132,9985.046774826202,0.0
47031,0.0,1.81436948,351.8878887986
47033,0.0,0.0,0.0
47035,0.0,0.0,0.0
47037,423856.1741765968,580.5982336000002,1243019.423297914
47039,0.0,0.0,0.0
47041,0.0,0.0,116738.80030505006
47043,0.0,0.0,0.0
47045,0.0,4.0823313300000015,344725.6652763
47047,121.10916279,0.0,0.0
47049,0.0,0.0,0.0
47051,1511.460495314,0.0,0.0
47053,0.0,0.0,18609.08057162
47055,0.0,0.0,0.0
47057,0.0,0.0,0.0
47059,0.0,1358.0963790933001,0.0
47061,0.0,0.0,0.0
47063,0.0,1555.8218290999998,0.0
47065,171306.90588817964,2217.02388044137,81981.37776906
47067,0.0,0.0,0.0
47069,0.0,1524.0703632000002,0.0
47071,0.0,55531.47876044869,0.0
47073,0.0,187538.67256124003,0.0
47075,0.0,0.0,0.0
47077,0.0,0.0,0.0
47079,0.0,392.35740005,73786.77801264003
47081,0.0,0.0,0.0
47083,0.0,0.0,0.0
47085,0.0,513870.34623185033,0.0
47087,0.0,0.0,0.0
47089,0.0,7463.576685156901,0.0
47091,0.0,0.0,0.0
47093,1544.02842748,9868.508915941062,873348.1117894795
47095,0.0,12.24699399,0.0
47097,0.0,2326.6022715935997,0.0
47099,0.0,331.1224301000001,142477.44574833
47101,0.0,0.0,0.0
47103,0.0,0.0,518274.64196200005
47105,787.88994669,14254.276304960998,609133.27600433
47107,126774.5314913,18773.281009560003,0.0
47109,0.0,25.219735772000003,0.0
47111,0.0,0.0,0.0
47113,0.0,201753.77376274148,0.0
47115,0.0,0.0,0.0
47117,0.0,33.56583538,314446.56020932004
47119,119684.90542781848,70.30681735,0.0
47121,0.0,0.0,0.0
47123,0.0,2777.2119275749596,178131.16680744005
47125,0.0,0.0,80920.87880800001
47127,0.0,0.0,0.0
47129,0.0,0.0,0.0
47131,168.28276927000005,0.0,0.0
47133,0.0,0.0,0.0
47135,0.0,0.0,0.0
47137,0.0,0.0,0.0
47139,0.0,0.0,0.0
47141,0.0,0.0,84683.88110952
47143,0.0,23.13321087,0.0
47145,0.0,604346.5157237202,0.0
47147,0.0,2.4947580350000003,0.0
47149,3058.8228267134996,1706.4033375676984,111162.33570827002
47151,0.0,0.0,0.0
47153,0.0,1.81436948,0.0
47155,0.0,907.18474,0.0
47157,103187.40620071732,10595.36812718158,170741.69350777
47159,0.0,0.0,0.0
47161,0.0,945635.7652049002,0.0
47163,132866.2770204,318937.5782646901,838879.6257788101
47165,0.0,159437.718055,107169.8519549196
47167,0.0,0.0,0.0
47169,0.0,0.0,0.0
47171,0.0,0.0,0.0
47173,0.0,0.0,0.0
47175,0.0,0.0,0.0
47177,0.0,0.0,746226.1267283901
47179,0.0,518.90967128,222203.10866138
47181,0.0,0.0,34019.42775
47183,0.0,0.0,0.0
47185,0.0,0.0,265986.1121756301
47187,0.0,0.0,0.0
47189,0.0,27.655526798900013,0.0
48001,0.0,0.0,0.0
48003,384.64632976,10860.36211491,1633.83971674
48005,0.0,0.0,0.0
48007,4009.7565508,0.0,0.0
48009,0.0,0.0,0.0
48011,0.0,0.0,0.0
48013,0.0,81239.07385555499,0.0
48015,0.0,1757.2168413800002,0.0
48017,0.0,0.0,0.0
48019,0.0,0.0,0.0
48021,0.0,0.0,0.0
48023,0.0,0.0,0.0
48025,0.0,0.0,0.0
48027,0.0,4541.896604328161,0.0
48029,118134.29759765234,50193.57081948263,639661.221845492
48031,0.0,0.0,0.0
48033,0.0,0.0,0.0
48035,0.0,27252.73677434,0.0
48037,47.17360648,656.6747458963999,0.0
48039,5535612.336439646,269169.3689972055,310844.81906718237
48041,0.0,0.0,0.0
48043,0.0,0.0,0.0
48045,0.0,0.0,0.0
48047,0.0,0.0,0.0
48049,0.0,0.0,0.0
48051,0.0,0.0,0.0
48053,0.0,0.0,0.0
48055,255.37250431,0.0,2802.74725423
48057,1237815.92956329,110507.34832599,10352.170831333102
48059,0.0,0.0,0.0
48061,1069.11721609,0.0,0.0
48063,0.0,118537.2940521,0.0
48065,0.0,0.0,0.0
48067,0.0,0.0,0.0
48069,0.0,0.0,0.0
48071,36787.6656967204,0.45359237,0.0
48073,0.0,0.0,7711.0702900000015
48075,0.0,0.0,0.0
48077,0.0,0.0,0.0
48079,0.0,0.0,0.0
48081,0.0,0.0,0.0
48083,0.0,0.0,0.0
48085,0.0,0.0,45662.69029553
48087,0.0,0.0,0.0
48089,0.0,0.0,0.0
48091,0.0,10409.355221419,75749.92579000001
48093,0.0,0.0,0.0
48095,0.0,0.0,0.0
48097,0.0,0.0,0.0
48099,0.0,0.0,0.0
48101,0.0,0.0,0.0
48103,0.0,0.0,0.0
48105,0.0,0.0,0.0
48107,0.0,0.0,0.0
48109,0.0,0.0,0.0
48111,0.0,0.0,0.0
48113,6966.72521083,3242.244150613777,699779.6288175001
48115,0.0,0.0,0.0
48117,117.93401620000002,0.0,0.0
48119,0.0,0.0,0.0
48121,149.6854821,0.0,284.8560083600001
48123,0.0,0.0,0.0
48125,0.0,0.0,0.0
48127,0.0,0.0,0.0
48129,0.0,0.0,0.0
48131,0.0,0.0,0.0
48133,0.0,0.0,0.0
48135,487918.5123746703,0.0,0.0
48137,0.0,0.0,0.0
48139,281810.97474133444,51110.649914999005,11.339809250000002
48141,194963.70750271797,8039.4711658800015,362325.95641704
48143,0.0,0.0,148803.69853272
48145,0.0,0.0,0.0
48147,0.0,0.0,13075.25365762
48149,0.0,79858.32053758022,0.0
48151,0.0,0.0,0.0
48153,0.0,0.0,0.0
48155,0.0,0.0,0.0
48157,0.0,254815.70062494546,0.0
48159,0.0,0.0,0.0
48161,0.0,242491.41993820595,0.0
48163,0.0,0.0,0.0
48165,25.401172720000005,0.0,0.0
48167,4526433.667650402,52575.3518317797,40414.62657463001
48169,0.0,0.0,0.0
48171,0.0,0.0,0.0
48173,0.0,0.0,0.0
48175,0.0,62963.15687970001,0.0
48177,0.0,0.0,0.0
48179,925.3284348,0.0,0.0
48181,0.0,0.0,0.0
48183,6293.59413375,10968.420291234175,359.69874941
48185,0.0,735.27323177,0.0
48187,0.0,2109.612753633,0.0
48189,5883.54663127,0.0,0.0
48191,0.0,0.0,0.0
48193,0.0,0.0,0.0
48195,0.0,0.0,0.0
48197,0.0,0.0,0.0
48199,21356.48411360156,0.0,0.0
48201,12537361.280403595,550497.3198008166,402253.4805781515
48203,360999.24409402703,523020.12533694005,11339.80925
48205,0.0,0.0,0.0
48207,0.0,0.0,0.0
48209,0.0,30.4088324848,271703.19040711
48211,0.0,0.0,0.0
48213,0.0,0.0,40960.75178811
48215,726.65497674,0.0,17915.99143026
48217,0.0,0.0,0.0
48219,376.4816671,0.0,0.0
48221,0.0,0.0,0.0
48223,0.0,0.0,0.0
48225,211.237966709,57.15263862000002,0.0
48227,732484.7093992896,1221.4153902412002,0.0
48229,0.0,0.0,0.0
48231,0.0,0.0,0.0
48233,1103469.5307444194,111919.65139733788,0.0
48235,7.788180992899999,0.0,0.0
48237,0.0,0.0,0.0
48239,0.0,0.0,0.0
48241,0.0,1859.7287170000002,0.0
48243,0.0,0.0,0.0
48245,5992753.52260549,102722.93668568466,1026.4468746593602
48247,0.0,0.0,0.0
48249,0.0,0.0,0.0
48251,0.0,34407.0269660887,0.0
48253,90632.74504206998,0.0,0.0
48255,0.0,0.0,0.0
48257,0.0,0.0,0.0
48259,0.0,0.0,0.0
48261,0.0,0.0,0.0
48263,0.0,0.0,0.0
48265,0.0,0.0,135321.57251921
48267,0.0,0.0,0.0
48269,0.0,0.0,0.0
48271,0.0,0.0,0.0
48273,0.0,0.0,0.0
48275,0.0,0.0,0.0
48277,0.0,0.0,27215.542200000004
48279,0.0,5739.032102188001,0.0
48281,0.0,0.0,2729.26529029
48283,0.0,0.0,0.0
48285,0.0,0.0,0.0
48287,0.0,0.0,0.0
48289,0.0,5061.727975304,0.0
48291,0.0,0.0,0.0
48293,0.0,668257.22706435,0.0
48295,0.0,0.0,0.0
48297,320762.6026294614,968.2745603916001,0.0
48299,0.0,0.0,0.0
48301,0.0,0.0,0.0
48303,701.4261691206001,0.0,0.0
48305,0.0,0.0,0.0
48307,0.0,0.0,0.0
48309,388.72866109,23683.4955255129,33728.67504083
48311,0.0,0.0,0.0
48313,0.0,0.0,0.0
48315,0.0,0.0,0.0
48317,0.0,0.0,0.0
48319,0.0,0.0,0.0
48321,2926.211357837783,11951.630514388953,0.0
48323,0.0,0.0,0.0
48325,0.0,0.0,0.0
48327,0.0,0.0,0.0
48329,3142.6194811472997,0.0,0.0
48331,0.0,589415.4659949478,0.0
48333,0.0,0.0,0.0
48335,0.0,0.0,0.0
48337,0.0,0.0,0.0
48339,10043.89584891,73.42435770901,92213.55073890962
48341,631470.4231931327,5600.686429338,0.0
48343,39853.07922057001,53.7733754635,0.0
48345,0.0,0.0,0.0
48347,0.0,0.0,0.0
48349,0.0,19160.690578678805,0.0
48351,0.0,0.0,0.0
48353,0.0,3873.6788398000003,0.0
48355,3274197.3955373564,1689621.3179452315,116607.71211012002
48357,0.0,0.0,0.0
48359,0.0,0.0,0.0
48361,1522711.3830868925,169064.8260188118,73.48196394000001
48363,0.0,0.0,215338.89532617
48365,0.0,0.0,0.0
48367,0.009026488163000002,39.00894382,0.0
48369,0.0,0.0,0.0
48371,1.81436948,0.0,0.0
48373,0.0,0.0,0.0
48375,4320.920916620002,476411.286716827,0.0
48377,0.0,0.0,0.0
48379,0.0,8078.02651733,0.0
48381,4.1231546432999995,0.0,0.0
48383,0.0,0.0,0.0
48385,0.0,0.0,0.0
48387,0.0,0.0,0.0
48389,227.24977737,0.0,0.0
48391,0.0,0.0,0.0
48393,0.0,0.0,0.0
48395,0.0,420762.55627918063,0.0
48397,0.0,0.0,21281.64681566
48399,0.0,0.0,0.0
48401,353.8020486,690142.2197709655,0.0
48403,0.0,0.0,0.0
48405,0.0,0.0,0.0
48407,0.0,0.0,0.0
48409,1105.5860426380002,0.0,5785.117086979997
48411,0.0,0.0,0.0
48413,0.0,0.0,0.0
48415,8.8949463757,0.0,0.0
48417,0.0,0.0,0.0
48419,701.2538040200002,0.0,0.0
48421,0.0,0.0,0.0
48423,362820.145304155,459.32577755680006,741717.41857059
48425,0.0,0.0,0.0
48427,0.0,0.0,0.0
48429,0.0,0.0,0.0
48431,0.0,0.0,0.0
48433,0.0,0.0,0.0
48435,68.03885550000003,0.0,0.0
48437,0.0,0.0,0.0
48439,33457.065290451115,260.61240336824,1929116.1026160098
48441,0.0,0.0,182886.62921452
48443,0.0,0.0,0.0
48445,0.0,0.0,0.0
48447,0.0,0.0,0.0
48449,0.0,472573.9769132536,0.0
48451,0.0,0.0,0.0
48453,1301.3565095300005,0.0,0.0
48455,0.0,0.0,0.0
48457,0.0,0.0,0.0
48459,0.0,0.0,0.0
48461,43.54486752,0.0,0.0
48463,0.0,0.0,0.0
48465,3.62873896,0.0,0.0
48467,0.0,0.0,0.0
48469,849447.1101042964,916897.51341881,0.0
48471,0.0,0.0,0.0
48473,0.0,8.845051215000002,0.0
48475,0.0,0.0,0.0
48477,0.0,0.39462536189999997,1723.6510059999998
48479,991.09932845,0.0,0.0
48481,0.0,0.0,0.0
48483,0.0,0.0,0.0
48485,2535.12775593,443.61333786,73839.84831993001
48487,0.0,27172.450924850004,0.0
48489,0.0,0.0,0.0
48491,0.0,0.0,0.0
48493,724.38701489,43.88959772120001,0.0
48495,78.92507238,0.0,0.0
48497,0.0,0.0,0.0
48499,0.0,0.0,0.0
48501,0.0,0.0,0.0
48503,0.0,0.0,0.0
48505,0.0,0.0,0.0
48507,0.0,0.0,0.0
49001,0.0,0.0,0.0
49003,0.0,18982.659247552,0.0
49005,0.0,0.0,0.0
49007,0.0,0.0,0.0
49009,0.0,0.0,0.0
49011,212325.1232936449,28268.78368314,0.0
49013,34609.551423370016,0.0,0.0
49015,0.0,906966.10847766,0.0
49017,0.0,0.0,0.0
49019,0.0,0.0,0.0
49021,0.0,0.0,0.0
49023,0.0,0.0,0.0
49025,0.0,0.0,0.0
49027,12.6189397334,380926.87232600007,0.0
49029,0.0,0.0,0.0
49031,0.0,0.0,0.0
49033,0.0,0.0,0.0
49035,210907.3160149648,11764960.437650427,120443.74278321
49037,0.0,0.0,0.0
49039,0.0,0.0,0.0
49041,0.0,0.0,0.0
49043,0.0,0.0,0.0
49045,35334.274096613786,4726858.942670696,460.4325429396
49047,19.0463436163,34441.2686541,0.0
49049,227290.14709093,4164.703704392,0.0
49051,0.0,0.0,0.0
49053,0.0,0.0,0.0
49055,0.0,0.0,0.0
49057,0.0,0.0,41868.39012048001
51001,0.0,0.0,0.0
51003,0.0,0.0,1915.97417088
51005,0.0,0.0,115047.35435732
51007,0.0,0.0,0.0
51009,0.0,0.0,0.0
51011,0.0,0.0,0.0
51013,1533.5640515041,0.0,0.0
51015,0.0,0.0,3241896.7895768313
51017,0.0,0.0,0.0
51019,856442.2687528401,0.0,0.0
51021,0.0,0.0,0.0
51023,0.0,0.0,0.0
51025,0.0,0.0,0.0
51027,0.0,0.0,0.0
51029,15.875732950000002,0.0,238.1632097922
51031,0.0,1590.8709115299,180384.61370160003
51033,0.0,0.0,0.0
51035,0.0,0.0,0.0
51036,0.0,0.0,0.0
51037,0.0,0.0,0.0
51041,1304.0780637500004,679860.19718109,0.0
51043,0.0,0.0,0.0
51045,0.0,0.0,0.0
51047,0.0,0.0,0.0
51049,0.0,0.0,0.0
51051,0.0,0.0,0.0
51053,0.0,943.8803627330001,0.0
51057,0.0,0.0,8440.900413330002
51059,6563.694782313902,0.0,0.0
51061,0.0,0.0,0.0
51063,0.0,0.0,0.0
51065,0.0,18388.634679799998,0.0
51067,0.0,0.0,0.0
51069,0.0,0.0,0.0
51071,941115.71723785,21569.632611373003,0.0
51073,0.0,0.0,0.0
51075,0.0,0.0,0.0
51077,0.0,0.0,0.0
51079,0.0,0.0,0.0
51081,0.0,0.0,0.0
51083,0.0,620627.0798639449,0.0
51085,0.0,0.0,0.0
51087,0.0,0.0,0.0
51089,0.0,0.0,0.0
51091,0.0,0.0,0.0
51093,0.0,11507.6384269,0.0
51095,0.0,0.0,0.0
51097,0.0,0.0,0.0
51099,0.0,376.345589389,0.0
51101,0.0,26082.46845974,0.0
51103,0.0,0.0,0.0
51105,0.0,0.0,0.0
51107,598.2883360300001,0.0,19936.74543861
51109,0.0,0.0,0.0
51111,0.0,0.0,0.0
51113,0.0,0.0,0.0
51115,0.0,0.0,0.0
51117,0.0,0.0,0.0
51119,0.0,0.0,0.0
51121,0.0,0.0,198495.64985096
51125,0.0,0.0,0.0
51127,0.0,0.0,0.0
51131,0.0,0.0,0.0
51133,0.0,0.0,0.0
51135,0.0,0.0,0.0
51137,0.0,0.0,0.0
51139,0.0,0.0,0.0
51141,0.0,0.0,0.0
51143,0.0,0.0,125565.25423288002
51145,0.0,0.0,0.0
51147,0.0,0.0,25809.859445370006
51149,0.0,0.0,0.0
51153,1758.188935188147,110898.79854130001,0.0
51155,0.0,46.42971499320001,25824.82799358
51157,0.0,0.0,0.0
51159,0.0,0.0,0.0
51161,666.7807839000002,236.30801699890003,3476.7855160500008
51163,0.0,0.0,0.0
51165,0.0,0.0,8230.43355365
51167,0.0,133635.56967992,0.0
51169,0.0,0.0,0.0
51171,0.0,0.0,0.0
51173,0.0,0.0,0.0
51175,0.0,0.0,0.0
51177,0.0,0.0,0.0
51179,0.0,0.0,0.0
51181,0.0,0.0,0.0
51183,0.0,0.0,0.0
51185,0.0,0.0,0.0
51187,0.0,2.72155422,0.0
51191,0.0,32.20505827,0.0
51193,0.0,0.0,0.0
51195,0.0,168149.503831694,0.0
51197,0.0,0.0,341.55505461
51199,306238.851633407,225197.31725498702,0.0
51510,0.0,495.77646041,0.0
51520,0.0,0.0,0.0
51530,0.0,0.0,0.0
51540,0.0,0.0,0.0
51550,4641.792159158001,189341.38471733095,28639.36864943
51570,0.0,0.0,0.0
51580,0.0,80348.44523706003,0.0
51590,0.0,0.0,146056.74314
51595,0.0,0.0,0.0
51600,1765.83509641,0.0,0.0
51610,0.0,0.0,0.0
51620,0.0,0.0,0.0
51630,0.0,0.0,0.0
51640,0.0,0.0,0.0
51650,0.0,0.0,0.0
51660,0.0,0.90718474,102319.09886275
51670,742029.4901211503,1910.07747007,0.0
51678,0.0,0.0,0.0
51680,0.0,229.97133159000003,24137.01078481
51683,0.0,0.0,0.0
51685,0.0,0.0,0.0
51690,0.0,0.0,0.0
51700,0.0,34634.04541135002,124832.6481242456
51710,581.95901071,2.1727074523,0.0
51720,0.0,0.0,0.0
51730,0.0,0.0,6901.86150192
51735,0.0,0.0,0.0
51740,0.0,0.0,0.0
51750,0.0,0.0,0.0
51760,3735.4647087372996,0.0,0.0
51770,1527.69910216,99.76764178149999,0.0
51775,0.0,0.0,520.1797299159999
51790,0.0,0.0,0.0
51800,0.0,0.0,0.0
51810,47.62719885,0.0,0.0
51820,0.0,0.0,38470.98326918001
51830,0.0,0.0,0.0
51840,0.0,0.0,15438.46990532
78010,1327747.252972163,38164.80841943,0.0
78020,0.0,0.0,0.0
78030,1954.07592996,0.0,0.0
50001,0.0,0.0,0.0
50003,0.0,0.0,7933.323747414446
50005,0.0,0.0,0.0
50007,138.1234125887,0.0,0.0
50009,0.0,0.0,0.0
50011,0.0,0.0,10015.3195296
50013,0.0,0.0,0.0
50015,0.0,0.0,0.0
50017,0.0,0.0,0.0
50019,0.0,0.0,1202.0197805
50021,0.0,0.0,0.0
50023,0.0,0.0,0.0
50025,0.0,0.0,0.0
50027,0.0,0.0,0.0
53001,0.0,0.0,0.0
53003,0.0,0.0,0.0
53005,0.0,0.0,0.0
53007,0.0,0.0,0.0
53009,0.0,0.0,0.0
53011,611.44251476,0.0,0.0
53013,0.0,0.0,0.0
53015,669825.7585516575,5441.74766289,0.0
53017,0.0,0.0,0.0
53019,0.0,0.0,0.0
53021,11770.177690656,0.0,0.0
53023,0.0,0.0,0.0
53025,0.0,0.0,0.0
53027,0.0,0.0,0.0
53029,0.0,0.0,0.0
53031,0.0,0.0,0.0
53033,6498.156127957342,234.1761328599,2192031.258369029
53035,0.0,0.0,0.0
53037,0.0,0.0,0.0
53039,0.0,0.0,0.0
53041,0.0,464753.47292806726,0.0
53043,0.0,0.0,0.0
53045,0.0,0.0,0.0
53047,0.0,0.0,0.0
53049,0.0,0.0,0.0
53051,0.0,4939.620909300002,0.0
53053,69306.19512189728,0.0,1510.8254659960003
53055,0.0,0.0,0.0
53057,270682.7617960158,26687.76933381021,0.0
53059,0.0,0.0,0.0
53061,33679.05203555201,7770.49089047,241397.32339030004
53063,11383.608129247199,18.1436948,121000.30062119999
53065,0.0,0.0,0.0
53067,0.0,0.0,0.0
53069,0.0,0.0,0.0
53071,0.0,120.36527130320002,0.0
53073,355520.04192269547,20667.65992738936,0.0
53075,0.0,0.0,0.0
53077,0.0,0.0,0.0
55001,0.0,0.0,0.0
55003,0.0,0.0,0.0
55005,0.0,0.0,12373.065453317802
55007,0.0,0.0,0.0
55009,1440.60936712,10206.28191737,29164.628613890003
55011,0.0,525.350682934,0.0
55013,0.0,0.0,0.0
55015,2444.4092819299995,0.0,0.0
55017,0.0,19.50447191,152481.87906105
55019,0.0,20.3753692604,0.0
55021,2838.12745909,15473.126539631377,0.0
55023,0.0,0.0,0.0
55025,3761.550805936,70.10723670720002,100464.35966182
55027,0.0,2.8349523125000005,108267.96279530002
55029,0.0,101.60469088,0.0
55031,76953.1475902805,0.0,0.0
55033,0.0,4.5359237000000014,0.0
55035,0.0,3.7194574340000006,4235.1066833244395
55037,0.0,0.0,0.0
55039,2006.69264488,2414.5524350721007,113398.0925
55041,0.0,0.0,0.0
55043,0.0,25113.096205813003,0.0
55045,0.0,0.0,0.0
55047,0.0,0.0,0.0
55049,0.0,160.0001725938,0.0
55051,0.0,0.0,0.0
55053,0.0,29.06166314590001,0.0
55055,1360.5503138150002,0.0,52671.14600440001
55057,0.0,0.0,0.0
55059,807.3944186000001,2299.849393611,245163.50083841005
55061,0.0,0.0,0.0
55063,0.0,0.0,166106.88667111
55065,0.0,0.0,0.0
55067,0.0,0.0,0.0
55069,0.0,0.0,0.0
55071,0.0,1681.19612094511,699659.4268394498
55073,0.0,10629.516574745301,12601.24963097
55075,216321.37639958996,12.70058636,0.0
55077,0.0,10.273867180500003,0.0
55078,0.0,0.0,0.0
55079,20783.602393400008,12738.4204995817,1116805.6771254921
55081,43.54486752,0.0,45141.5126624
55083,0.0,0.0,103875.37428421996
55085,0.0,0.0,303717.28628934
55087,2413.046159137576,2180.6362469276005,0.0
55089,0.0,78.24921974870001,215287.63938836
55091,0.0,0.0,0.0
55093,0.0,0.0,0.0
55095,0.0,0.0,0.0
55097,3056.3053890599995,0.0,69697.18920472
55099,0.0,55.41084391920001,0.0
55101,0.0,39.00894382,329928.12138979003
55103,0.0,0.0,0.0
55105,23383.593858240005,966.5407035572753,226181.11374628
55107,0.0,0.0,0.0
55109,0.0,0.0,0.0
55111,0.0,0.0,0.0
55113,0.0,0.0,0.0
55115,0.0,0.0,0.0
55117,295296.79753266,7754.155668449192,233444.48836709012
55119,0.0,0.0,0.0
55121,0.0,25.1925202298,0.0
55123,0.0,1471.1379479904806,0.0
55125,0.0,0.0,0.0
55127,0.0,37.48940938050001,1583561.2704873504
55129,0.0,0.0,0.0
55131,0.0,591.03085811,17581.2402612
55133,328.84086047889997,1846.256615377867,458153.8264145074
55135,631490.8439216301,99.7903214,0.0
55137,0.0,4.9623005278,0.0
55139,0.0,0.0,11884.120094
55141,0.0,2.72155422,0.0
54001,0.0,0.0,0.0
54003,12172.15124895,0.0,0.0
54005,0.0,0.0,0.0
54007,0.0,0.0,0.0
54009,3745336.2394856107,6297.767183554,0.0
54011,0.0,159846.20066380352,77489.90612132
54013,0.0,0.0,0.0
54015,0.0,0.0,0.0
54017,0.0,0.0,0.0
54019,0.0,0.0,0.0
54021,0.0,0.0,0.0
54023,0.0,1057847.7136573505,0.0
54025,0.0,0.0,0.0
54027,0.0,0.0,0.0
54029,30687.506029156913,22116.8555183884,0.0
54031,0.0,0.0,0.0
54033,0.0,996044.84606011,0.0
54035,0.0,0.0,0.0
54037,0.0,0.0,1359.8699252600004
54039,40226.83933345,3880.48272535,0.0
54041,0.0,0.0,0.0
54043,0.0,0.0,0.0
54045,0.0,0.0,0.0
54047,0.0,0.0,0.0
54049,0.0,285870.24089932005,0.0
54051,114448.61242892005,1065588.2674513995,1685.54924692
54053,0.0,1021025.99224549,0.0
54055,0.0,0.0,0.0
54057,0.0,0.0,93621.465168
54059,0.0,0.0,0.0
54061,0.0,457130.9942174445,10387.265273
54063,0.0,0.0,0.0
54065,0.0,0.0,0.0
54067,701.70739639,0.0,0.0
54069,0.0,167.82917690000002,0.0
54071,0.0,0.0,0.0
54073,19102.13547781,637424.6485874959,0.0
54075,0.0,0.0,0.0
54077,0.0,0.0,0.0
54079,0.0,374292.63032238,235605.85601014004
54081,0.0,0.0,0.0
54083,390.54303057,0.0,0.0
54085,0.0,0.0,0.0
54087,0.0,0.0,0.0
54089,0.0,0.0,0.0
54091,0.0,0.0,0.0
54093,0.0,0.0,0.0
54095,0.0,368.77059681,0.0
54097,0.0,0.0,0.0
54099,2560.075336280001,0.0,0.0
54101,0.0,0.0,0.0
54103,0.0,0.0,0.0
54105,0.0,0.0,0.0
54107,0.0,107.95498406000002,6168.856232
54109,0.0,0.0,0.0
56001,0.0,0.0,0.0
56003,0.0,0.0,0.0
56005,11837.853672260002,287.1239702100001,0.0
56007,218342.13040794,2100.132673100001,0.0
56009,1705.9699754173998,151731.1836887,0.0
56011,0.0,0.0,0.0
56013,0.0,0.0,0.0
56015,0.0,0.0,0.0
56017,0.0,0.0,0.0
56019,0.0,0.0,0.0
56021,133770.422691521,324.7721369200001,0.0
56023,7095.091851539999,57286.90196152,0.0
56025,201274.35670958008,0.0,0.0
56027,0.0,0.0,0.0
56029,0.0,0.0,0.0
56031,0.0,738286.89947628,0.0
56033,23.133210870000006,0.0,0.0
56035,0.0,0.0,0.0
56037,75854.25203510001,353629.9193674324,0.0
56039,0.0,0.0,0.0
56041,8259.3546031612,0.0,0.0
56043,0.0,0.0,0.0
56045,16444.9051917997,0.0,0.0
